stateid,fips,state,statename,year,stapr,netuit,fte,pc_income,ugradmerit,region_compact,tuitset
1,1,AL,Alabama,1990,770600000,259900000,159669,15861,1,1,4
1,1,AL,Alabama,1991,805100000,289200000,170454,16572,1,1,4
1,1,AL,Alabama,1992,809300000,334800000,173946,17583,1,1,4
1,1,AL,Alabama,1993,814400000,358500000,180448,18129,1,1,4
1,1,AL,Alabama,1994,881000000,385700000,182374,18977,1,1,4
1,1,AL,Alabama,1995,1013800000,398400000,179335,19892,1,1,4
1,1,AL,Alabama,1996,939600000,406700000,177408,20630,1,1,4
1,1,AL,Alabama,1997,969000000,439000000,180996,21516,1,1,4
1,1,AL,Alabama,1998,979000000,470000000,180335,22721,1,1,4
1,1,AL,Alabama,1999,1042900000,505665103,172926,23371,1,1,4
1,1,AL,Alabama,2000,1086326194,524911621,166806,24372,1,1,4
1,1,AL,Alabama,2001,1076332593,577524824,165833,25139,1,1,4
1,1,AL,Alabama,2002,1104594412,596045167,173687,25706,1,1,4
1,1,AL,Alabama,2003,1150861691,671889084,180654,26693,1,1,4
1,1,AL,Alabama,2004,1162442056,788033203,183167,28399,1,1,4
1,1,AL,Alabama,2005,1200784589,870762331,180517,29808,1,1,4
1,1,AL,Alabama,2006,1384213411,907599978,180985,31306,1,1,4
1,1,AL,Alabama,2007,1654005770,945639637,182504,32573,1,1,4
1,1,AL,Alabama,2008,1922991456,963374359,187086,33377,1,1,4
1,1,AL,Alabama,2009,1552340810,1091961750,199153,32631,1,1,4
1,1,AL,Alabama,2010,1516771850,1380907679,210067,33845,1,1,4
1,1,AL,Alabama,2011,1517510854,1531317957,212758,34941,1,1,4
1,1,AL,Alabama,2012,1466422085,1673338946,206364,35806,1,1,4
1,1,AL,Alabama,2013,1379444964,1769798631,197110,36046,1,1,4
1,1,AL,Alabama,2014,1417608270,1840363426,194439,37217,1,1,4
1,1,AL,Alabama,2015,1436124131,1956947663,193411,38594,1,1,4
1,1,AL,Alabama,2016,1455427446,2141824989,195536,39260,1,1,4
2,2,AK,Alaska,1990,161000000,23100000,15213,23213,0,2,3
2,2,AK,Alaska,1991,170400000,27200000,17058,23510,0,2,3
2,2,AK,Alaska,1992,172700000,30500000,17611,24240,1,2,3
2,2,AK,Alaska,1993,171000000,29800000,18033,25036,1,2,3
2,2,AK,Alaska,1994,175100000,32800000,17962,25713,0,2,3
2,2,AK,Alaska,1995,172600000,35100000,17934,26399,0,2,3
2,2,AK,Alaska,1996,171600000,36400000,17434,26953,0,2,3
2,2,AK,Alaska,1997,170300000,38800000,17216,28185,0,2,3
2,2,AK,Alaska,1998,167500000,46183076,16840,29110,0,2,3
2,2,AK,Alaska,1999,168900000,45408070,16214,29776,0,2,3
2,2,AK,Alaska,2000,174974100,44203186,15968,31881,0,2,3
2,2,AK,Alaska,2001,190649900,45645456,16059,33425,0,2,3
2,2,AK,Alaska,2002,201345567,48726916,16686,34564,0,2,3
2,2,AK,Alaska,2003,211151587,54492806,17954,35765,0,2,3
2,2,AK,Alaska,2004,215635950,61494609,18782,36813,0,2,3
2,2,AK,Alaska,2005,231449128,69484132,18700,38817,0,2,3
2,2,AK,Alaska,2006,251523341,78308765,18775,40881,0,2,3
2,2,AK,Alaska,2007,286529750,83932793,18646,43676,0,2,3
2,2,AK,Alaska,2008,299239250,91424376,18703,47569,0,2,3
2,2,AK,Alaska,2009,321204652,96266021,19010,46858,0,2,3
2,2,AK,Alaska,2010,334200578,105562885,20271,49254,0,2,3
2,2,AK,Alaska,2011,346646403,114697556,21070,52048,1,2,3
2,2,AK,Alaska,2012,362590136,118434540,21654,53153,1,2,3
2,2,AK,Alaska,2013,379052770,118496118,21131,52239,1,2,3
2,2,AK,Alaska,2014,395868850,113911573,20464,55595,1,2,3
2,2,AK,Alaska,2015,396843243,113098318,19904,57340,1,2,3
2,2,AK,Alaska,2016,373003022,119468103,19229,55915,1,2,3
3,4,AZ,Arizona,1990,530400000,225900000,148735,17323,0,2,3
3,4,AZ,Arizona,1991,566800000,254700000,154864,17731,0,2,3
3,4,AZ,Arizona,1992,568100000,266500000,159040,18309,0,2,3
3,4,AZ,Arizona,1993,577100000,275700000,158969,18950,0,2,3
3,4,AZ,Arizona,1994,581200000,306600000,158876,19869,0,2,3
3,4,AZ,Arizona,1995,626200000,323000000,160757,20753,0,2,3
3,4,AZ,Arizona,1996,657900000,311500000,164271,21737,0,2,3
3,4,AZ,Arizona,1997,694000000,363000000,164930,22804,0,2,3
3,4,AZ,Arizona,1998,738000000,383000000,170930,24033,0,2,3
3,4,AZ,Arizona,1999,795700000,402652600,176648,24702,0,2,3
3,4,AZ,Arizona,2000,865598400,426791600,180669,26151,0,2,3
3,4,AZ,Arizona,2001,895266600,487266400,185330,26701,0,2,3
3,4,AZ,Arizona,2002,934251700,505390506,192181,27043,0,2,3
3,4,AZ,Arizona,2003,912012496,534708700,205553,28094,0,2,3
3,4,AZ,Arizona,2004,919000072,640741700,212980,29954,0,2,3
3,4,AZ,Arizona,2005,984186000,715416800,218212,32222,0,2,3
3,4,AZ,Arizona,2006,1070038600,798166300,227283,34667,0,2,3
3,4,AZ,Arizona,2007,1187779700,884583900,229558,35776,1,2,3
3,4,AZ,Arizona,2008,1319384900,953206500,233255,35543,1,2,3
3,4,AZ,Arizona,2009,1301157900,1081378100,245680,33327,1,2,3
3,4,AZ,Arizona,2010,1155700000,1227840600,259953,33555,1,2,3
3,4,AZ,Arizona,2011,1098106700,1354359400,275071,34889,0,2,3
3,4,AZ,Arizona,2012,835384800,1518362500,275238,36064,0,2,3
3,4,AZ,Arizona,2013,854787000,1624760600,270644,36559,0,2,3
3,4,AZ,Arizona,2014,893479300,1759897200,270127,38175,0,2,3
3,4,AZ,Arizona,2015,933395700,1970196000,274454,39629,0,2,3
3,4,AZ,Arizona,2016,818154800,2170221000,279239,40456,0,2,3
4,5,AR,Arkansas,1990,319000000,100000000,61487,14622,1,1,4
4,5,AR,Arkansas,1991,331400000,109500000,64911,15299,1,1,4
4,5,AR,Arkansas,1992,380100000,122500000,72268,16438,1,1,4
4,5,AR,Arkansas,1993,406500000,135200000,74280,16956,1,1,4
4,5,AR,Arkansas,1994,412500000,148300000,75473,17758,1,1,4
4,5,AR,Arkansas,1995,424493666,153400000,74054,18602,1,1,4
4,5,AR,Arkansas,1996,458500000,159800000,76158,19458,1,1,4
4,5,AR,Arkansas,1997,482000000,171100000,75019,20187,1,1,4
4,5,AR,Arkansas,1998,510000000,189600000,78940,21291,1,1,4
4,5,AR,Arkansas,1999,548420925,201100000,80603,21920,1,1,4
4,5,AR,Arkansas,2000,606628341,138704833,86263,22824,1,1,4
4,5,AR,Arkansas,2001,592975978,161918646,87337,23917,1,1,4
4,5,AR,Arkansas,2002,604564510,207877204,92722,24346,1,1,4
4,5,AR,Arkansas,2003,608356074,217623665,92508,25588,1,1,4
4,5,AR,Arkansas,2004,652754394,248421856,96292,26970,1,1,4
4,5,AR,Arkansas,2005,648007390,277284010,99231,28096,1,1,4
4,5,AR,Arkansas,2006,744590151,304455656,101344,29422,1,1,4
4,5,AR,Arkansas,2007,787546829,330964981,103369,31062,1,1,4
4,5,AR,Arkansas,2008,871501601,356333620,105247,31935,1,1,4
4,5,AR,Arkansas,2009,878174500,408636085,108474,31152,1,1,4
4,5,AR,Arkansas,2010,944629517,430593853,118884,31863,1,1,4
4,5,AR,Arkansas,2011,1003646802,413332125,124085,33781,1,1,4
4,5,AR,Arkansas,2012,1002878171,459833218,124426,36088,1,1,4
4,5,AR,Arkansas,2013,996733851,478933391,124157,35961,1,1,4
4,5,AR,Arkansas,2014,983805665,537016180,121365,37948,1,1,4
4,5,AR,Arkansas,2015,976722858,562211948,118408,39030,1,1,4
4,5,AR,Arkansas,2016,969096892,604100895,117110,39717,1,1,4
5,6,CA,California,1990,5358400000,650900000,1141287,21485,0,2,3
5,6,CA,California,1991,5792500000,715300000,1107711,21857,0,2,3
5,6,CA,California,1992,5425400000,906400000,1116255,22678,0,2,3
5,6,CA,California,1993,4750800000,1137700000,1104739,23013,0,2,3
5,6,CA,California,1994,4300200000,1288300000,1069633,23581,0,2,3
5,6,CA,California,1995,4828900000,1353000000,1073048,24629,0,2,3
5,6,CA,California,1996,5344600000,1306100000,1103616,25912,0,2,3
5,6,CA,California,1997,5934700000,1318600000,1143849,27171,0,2,3
5,6,CA,California,1998,7171900000,1360100000,1157374,29185,0,2,3
5,6,CA,California,1999,7321200000,1417358000,1194874,30699,0,2,3
5,6,CA,California,2000,7892428000,1083962000,1433493,33403,0,2,3
5,6,CA,California,2001,8843537000,1080848000,1277325,34083,0,2,3
5,6,CA,California,2002,9353663000,1083536000,1309404,34233,0,2,3
5,6,CA,California,2003,9229429000,1226223000,1413927,35452,0,2,3
5,6,CA,California,2004,8462800000,1713119000,1401271,37364,0,2,3
5,6,CA,California,2005,8886919000,2058364000,1433492,39326,0,2,3
5,6,CA,California,2006,9831352554,2650223000,1373351,42139,0,2,3
5,6,CA,California,2007,10731273000,2796139000,1434993,43669,0,2,3
5,6,CA,California,2008,11349105000,1980166000,1507467,43895,0,2,3
5,6,CA,California,2009,10908052000,2489571379,1624753,42050,0,2,3
5,6,CA,California,2010,9821547000,2829285746,1612044,43617,0,2,3
5,6,CA,California,2011,10639560738,2346617976,1586699,46183,0,2,3
5,6,CA,California,2012,8823590000,3476167897,1541159,48826,0,2,3
5,6,CA,California,2013,9105513041,3496011682,1501945,49259,1,2,3
5,6,CA,California,2014,10488232776,3703092591,1532319,52340,1,2,3
5,6,CA,California,2015,11991631422,3695627259,1539822,55793,1,2,3
5,6,CA,California,2016,12891005906,3719494061,1530131,57625,1,2,3
6,8,CO,Colorado,1990,466800000,262400000,127721,19853,1,2,4
6,8,CO,Colorado,1991,476300000,297100000,131390,20549,1,2,4
6,8,CO,Colorado,1992,465800000,332800000,134262,21625,1,2,4
6,8,CO,Colorado,1993,492900000,372300000,136715,22639,1,2,4
6,8,CO,Colorado,1994,499200000,384200000,135947,23625,1,2,4
6,8,CO,Colorado,1995,507000000,406400000,135279,24995,1,2,4
6,8,CO,Colorado,1996,549200000,432500000,135335,26336,1,2,4
6,8,CO,Colorado,1997,585000000,444900000,136086,27675,1,2,4
6,8,CO,Colorado,1998,617600000,462700000,137682,29712,1,2,4
6,8,CO,Colorado,1999,644800000,485100000,139730,31284,1,2,4
6,8,CO,Colorado,2000,675692774,494791409,141727,34027,1,2,4
6,8,CO,Colorado,2001,706087616,521997870,141492,34889,1,2,4
6,8,CO,Colorado,2002,720951238,575310999,147724,34466,1,2,4
6,8,CO,Colorado,2003,592875995,619189050,156258,34787,1,2,4
6,8,CO,Colorado,2004,569793185,749909756,161181,35722,1,2,4
6,8,CO,Colorado,2005,589284996,746675779,162711,37732,1,2,4
6,8,CO,Colorado,2006,635454358,811840157,158876,39997,1,2,4
6,8,CO,Colorado,2007,678887904,788437172,157382,41889,1,2,4
6,8,CO,Colorado,2008,737885090,910615685,164638,42492,1,2,4
6,8,CO,Colorado,2009,823889323,1021888005,171564,39851,1,2,4
6,8,CO,Colorado,2010,819993148,1207442138,187231,40547,1,2,4
6,8,CO,Colorado,2011,754021489,1373262998,195621,43456,1,2,4
6,8,CO,Colorado,2012,638626184,1429713875,192541,45572,1,2,4
6,8,CO,Colorado,2013,631694097,1511706976,188405,47236,1,2,4
6,8,CO,Colorado,2014,670484906,1669476695,184836,50662,1,2,4
6,8,CO,Colorado,2015,770394604,1647921581,181867,52116,1,2,4
6,8,CO,Colorado,2016,855810437,1750094665,180264,52269,1,2,4
7,9,CT,Connecticut,1990,497100000,118800000,63374,26394,0,4,3
7,9,CT,Connecticut,1991,508400000,134500000,63332,26588,0,4,3
7,9,CT,Connecticut,1992,487300000,157900000,62853,28560,0,4,3
7,9,CT,Connecticut,1993,419600000,183500000,62658,29417,0,4,3
7,9,CT,Connecticut,1994,482300000,189500000,60914,30188,1,4,3
7,9,CT,Connecticut,1995,486200000,190600000,59311,31780,0,4,3
7,9,CT,Connecticut,1996,514400000,205400000,57568,33191,0,4,3
7,9,CT,Connecticut,1997,528800000,214100000,56659,35228,0,4,3
7,9,CT,Connecticut,1998,565600000,216300000,55727,37698,0,4,3
7,9,CT,Connecticut,1999,605000000,226500000,56661,39622,1,4,3
7,9,CT,Connecticut,2000,675480983,237619156,58885,43091,1,4,3
7,9,CT,Connecticut,2001,684570674,269832976,60976,45247,1,4,3
7,9,CT,Connecticut,2002,732340108,290739960,64183,44884,1,4,3
7,9,CT,Connecticut,2003,736497416,334497165,68062,45199,1,4,3
7,9,CT,Connecticut,2004,730867190,393244274,70030,47603,1,4,3
7,9,CT,Connecticut,2005,770710203,437859591,72278,50110,1,4,3
7,9,CT,Connecticut,2006,813871350,476557500,73608,54183,0,4,3
7,9,CT,Connecticut,2007,904944869,498184943,74951,58122,1,4,3
7,9,CT,Connecticut,2008,1006997108,539111722,77088,61209,1,4,3
7,9,CT,Connecticut,2009,1018618028,582265570,80433,59994,1,4,3
7,9,CT,Connecticut,2010,1071247137,619058876,85033,62203,1,4,3
7,9,CT,Connecticut,2011,1049231635,563016621,86281,63839,1,4,3
7,9,CT,Connecticut,2012,930333812,699881712,85683,65018,1,4,3
7,9,CT,Connecticut,2013,869740229,731909952,87810,63771,1,4,3
7,9,CT,Connecticut,2014,1010430581,842804729,88681,66724,1,4,3
7,9,CT,Connecticut,2015,1106930608,892649331,87403,68575,1,4,3
7,9,CT,Connecticut,2016,1208350326,997100244,85705,69722,1,4,3
8,10,DE,Delaware,1990,113800000,93300000,24657,21457,1,1,4
8,10,DE,Delaware,1991,115600000,103800000,26013,22247,1,1,4
8,10,DE,Delaware,1992,119000000,119700000,25847,22814,1,1,4
8,10,DE,Delaware,1993,120600000,133900000,26649,23312,1,1,4
8,10,DE,Delaware,1994,120000000,139900000,26515,23922,1,1,4
8,10,DE,Delaware,1995,124000000,155400000,26542,24902,1,1,4
8,10,DE,Delaware,1996,136500000,168600000,26829,26227,1,1,4
8,10,DE,Delaware,1997,158300000,176200000,27225,27069,1,1,4
8,10,DE,Delaware,1998,146900000,186800000,27401,29470,1,1,4
8,10,DE,Delaware,1999,167700000,188400000,29654,31149,1,1,4
8,10,DE,Delaware,2000,174400000,206100000,28960,33862,1,1,4
8,10,DE,Delaware,2001,184700000,215935800,28944,36874,1,1,4
8,10,DE,Delaware,2002,185400000,215100000,26775,37621,1,1,4
8,10,DE,Delaware,2003,180968841,241371155,31028,37935,1,1,4
8,10,DE,Delaware,2004,190568916,248666292,29546,38873,1,1,4
8,10,DE,Delaware,2005,202125538,262393757,30541,39243,1,1,4
8,10,DE,Delaware,2006,215296066,313441019,31269,40995,1,1,4
8,10,DE,Delaware,2007,231155583,336675056,31269,41681,1,1,4
8,10,DE,Delaware,2008,240006430,349865514,31619,40768,1,1,4
8,10,DE,Delaware,2009,242255555,379767784,32417,40697,1,1,4
8,10,DE,Delaware,2010,240923460,426590796,33570,40804,1,1,4
8,10,DE,Delaware,2011,210946000,468051904,34648,43862,1,1,4
8,10,DE,Delaware,2012,211828166,533000003,34672,44045,1,1,4
8,10,DE,Delaware,2013,214503897,559488627,34715,44279,1,1,4
8,10,DE,Delaware,2014,225935378,593521558,35657,45841,1,1,4
8,10,DE,Delaware,2015,224299977,616104774,36742,47813,1,1,4
8,10,DE,Delaware,2016,228259611,637053033,36472,48374,1,1,4
9,12,FL,Florida,1990,1643500000,304800000,349166,19763,1,1,1
9,12,FL,Florida,1991,1686500000,340300000,371517,20073,1,1,1
9,12,FL,Florida,1992,1604100000,421700000,386611,20825,1,1,1
9,12,FL,Florida,1993,1593200000,475900000,391434,21641,1,1,1
9,12,FL,Florida,1994,1690300000,508600000,396520,22310,1,1,1
9,12,FL,Florida,1995,1832700000,476300000,403791,23496,1,1,1
9,12,FL,Florida,1996,1930000000,482800000,406122,24500,1,1,1
9,12,FL,Florida,1997,2109700000,518100000,402441,25378,1,1,1
9,12,FL,Florida,1998,2268300000,575200000,403535,26833,1,1,1
9,12,FL,Florida,1999,2362400000,718791798,395610,27649,1,1,1
9,12,FL,Florida,2000,2594215668,741286997,404417,29355,1,1,1
9,12,FL,Florida,2001,2957929677,1014766191,420957,30300,1,1,1
9,12,FL,Florida,2002,2900777544,1135531519,442010,30713,1,1,1
9,12,FL,Florida,2003,3072477320,1238458838,476654,31646,1,1,1
9,12,FL,Florida,2004,3069614373,1088795465,499972,33744,1,1,1
9,12,FL,Florida,2005,3460995962,886699196,504657,35962,1,1,1
9,12,FL,Florida,2006,3660407608,911375337,507927,38414,1,1,1
9,12,FL,Florida,2007,4183690420,928313873,518086,39545,1,1,1
9,12,FL,Florida,2008,4242610865,1051287717,540784,39240,1,1,1
9,12,FL,Florida,2009,3903375928,884861764,564963,36580,1,1,1
9,12,FL,Florida,2010,3773762288,1210873504,607246,38513,1,1,1
9,12,FL,Florida,2011,3933622748,1556597170,636320,40128,1,1,1
9,12,FL,Florida,2012,3456853469,1771336975,641446,40976,1,1,1
9,12,FL,Florida,2013,3181324499,1913833608,619179,40627,1,1,1
9,12,FL,Florida,2014,3749161403,1913789975,608226,43227,1,1,1
9,12,FL,Florida,2015,4000482990,1939616348,601198,45452,1,1,1
9,12,FL,Florida,2016,4146151091,1962986686,598660,46208,1,1,1
10,13,GA,Georgia,1990,983300000,220700000,163655,17835,1,1,3
10,13,GA,Georgia,1991,1023300000,241200000,176088,18322,1,1,3
10,13,GA,Georgia,1992,977600000,280800000,193170,19360,1,1,3
10,13,GA,Georgia,1993,1046200000,304400000,198630,20087,1,1,3
10,13,GA,Georgia,1994,1178800000,330000000,202591,21090,1,1,3
10,13,GA,Georgia,1995,1319300000,346600000,208154,22235,1,1,3
10,13,GA,Georgia,1996,1439200000,369200000,212767,23475,1,1,3
10,13,GA,Georgia,1997,1644300000,417100000,217236,24404,1,1,3
10,13,GA,Georgia,1998,1754700000,449100000,222203,26084,1,1,3
10,13,GA,Georgia,1999,1558400000,394977127,173871,27193,1,1,3
10,13,GA,Georgia,2000,1878989551,303245882,172909,28783,1,1,3
10,13,GA,Georgia,2001,2240837869,404853376,234998,29692,1,1,3
10,13,GA,Georgia,2002,2252290027,372547125,259566,30044,1,1,3
10,13,GA,Georgia,2003,2255442203,334323378,283391,30724,1,1,3
10,13,GA,Georgia,2004,2286875768,351147525,289382,31869,1,1,3
10,13,GA,Georgia,2005,2401023417,357846616,295356,33243,1,1,3
10,13,GA,Georgia,2006,2577257057,486361672,292655,34609,1,1,3
10,13,GA,Georgia,2007,2712115241,555265322,297755,35443,1,1,3
10,13,GA,Georgia,2008,2894394612,634428961,310759,35113,1,1,3
10,13,GA,Georgia,2009,2830699771,646908139,330866,34028,1,1,3
10,13,GA,Georgia,2010,2901920841,886890347,370732,34527,1,1,3
10,13,GA,Georgia,2011,2886340235,885171541,385615,36685,1,1,3
10,13,GA,Georgia,2012,2640046563,1293462054,379004,37146,1,1,3
10,13,GA,Georgia,2013,2562406525,1460776556,354989,37435,1,1,3
10,13,GA,Georgia,2014,2726441657,1496085224,347733,39615,1,1,3
10,13,GA,Georgia,2015,2838097073,1576485793,344325,41532,1,1,3
10,13,GA,Georgia,2016,2977800269,1668872288,345645,42657,1,1,3
11,15,HI,Hawaii,1990,301200000,22000000,28337,22433,0,2,3
11,15,HI,Hawaii,1991,311900000,22000000,29970,23253,0,2,3
11,15,HI,Hawaii,1992,317900000,28100000,30796,24542,0,2,3
11,15,HI,Hawaii,1993,344000000,31000000,31917,25133,0,2,3
11,15,HI,Hawaii,1994,347200000,32500000,32969,25400,0,2,3
11,15,HI,Hawaii,1995,358400000,31500000,33378,25788,0,2,3
11,15,HI,Hawaii,1996,313800000,33400000,32708,25665,0,2,3
11,15,HI,Hawaii,1997,351127000,51100000,30633,26334,0,2,3
11,15,HI,Hawaii,1998,351630000,59100000,29993,26911,0,2,3
11,15,HI,Hawaii,1999,322258000,62000000,32625,27980,0,2,3
11,15,HI,Hawaii,2000,341986000,66235000,32484,29544,0,2,3
11,15,HI,Hawaii,2001,339025000,65089031,31810,30470,0,2,3
11,15,HI,Hawaii,2002,348267000,64734000,33063,31471,0,2,3
11,15,HI,Hawaii,2003,368724000,71450000,34420,32652,0,2,3
11,15,HI,Hawaii,2004,397912000,83470000,35441,34592,0,2,3
11,15,HI,Hawaii,2005,408803000,89702785,35733,36635,0,2,3
11,15,HI,Hawaii,2006,460247000,96514931,35337,38766,0,2,3
11,15,HI,Hawaii,2007,502703000,115138280,35010,40679,0,2,3
11,15,HI,Hawaii,2008,553140735,129556002,35469,42160,0,2,3
11,15,HI,Hawaii,2009,603724247,156639995,37070,41593,0,2,3
11,15,HI,Hawaii,2010,566803508,183970252,39857,41864,0,2,3
11,15,HI,Hawaii,2011,522836888,199913824,40743,43446,0,2,3
11,15,HI,Hawaii,2012,521269576,215871222,40883,44759,0,2,3
11,15,HI,Hawaii,2013,525041288,221520570,41094,44982,0,2,3
11,15,HI,Hawaii,2014,529249940,229053322,40436,47283,0,2,3
11,15,HI,Hawaii,2015,572296639,237144801,39444,49437,0,2,3
11,15,HI,Hawaii,2016,602785489,238218155,38414,50872,0,2,3
12,16,ID,Idaho,1990,164600000,22900000,29459,16152,1,2,2
12,16,ID,Idaho,1991,190300000,27300000,31281,16509,1,2,2
12,16,ID,Idaho,1992,196500000,31400000,33259,17640,1,2,2
12,16,ID,Idaho,1993,200400000,36900000,35022,18688,1,2,2
12,16,ID,Idaho,1994,210000000,42800000,35574,19368,1,2,2
12,16,ID,Idaho,1995,224299600,44756200,36333,20252,1,2,2
12,16,ID,Idaho,1996,235060400,46969300,36694,21058,1,2,2
12,16,ID,Idaho,1997,240765400,48188000,37183,21506,1,2,2
12,16,ID,Idaho,1998,256178200,57956775,37252,22587,1,2,2
12,16,ID,Idaho,1999,278962600,59008275,37937,23614,1,2,2
12,16,ID,Idaho,2000,293850000,65703575,38853,25089,1,2,2
12,16,ID,Idaho,2001,323423625,69895975,39495,25743,1,2,2
12,16,ID,Idaho,2002,361902625,52358275,41593,26196,1,2,2
12,16,ID,Idaho,2003,335545838,67607062,43104,26641,1,2,2
12,16,ID,Idaho,2004,338297254,79511246,45184,28202,1,2,2
12,16,ID,Idaho,2005,349532133,89774167,45024,29239,1,2,2
12,16,ID,Idaho,2006,361693861,95127700,44504,31322,1,2,2
12,16,ID,Idaho,2007,373905884,101309800,43378,32554,1,2,2
12,16,ID,Idaho,2008,409004962,91883600,43968,32646,1,2,2
12,16,ID,Idaho,2009,415074610,101423390,44705,31142,1,2,2
12,16,ID,Idaho,2010,368255331,126922970,49251,31923,1,2,2
12,16,ID,Idaho,2011,346956483,152415120,53201,33489,1,2,2
12,16,ID,Idaho,2012,332453023,187317180,58980,35170,1,2,2
12,16,ID,Idaho,2013,358985688,208839210,57837,36137,1,2,2
12,16,ID,Idaho,2014,373584967,217731330,56177,37767,1,2,2
12,16,ID,Idaho,2015,400977879,234285720,54102,39727,1,2,2
12,16,ID,Idaho,2016,418443386,218937220,52744,40438,1,2,2
13,17,IL,Illinois,1990,1580900000,355700000,357722,21025,1,3,4
13,17,IL,Illinois,1991,1610700000,365500000,371187,21253,1,3,4
13,17,IL,Illinois,1992,1582100000,395700000,383363,22724,1,3,4
13,17,IL,Illinois,1993,1597700000,439300000,380093,23317,1,3,4
13,17,IL,Illinois,1994,1663000000,448800000,368286,24349,1,3,4
13,17,IL,Illinois,1995,1747100000,452100000,358892,25633,1,3,4
13,17,IL,Illinois,1996,1825100000,486600000,355906,27066,1,3,4
13,17,IL,Illinois,1997,1918400000,500000000,338802,28422,1,3,4
13,17,IL,Illinois,1998,2037200000,525400000,341197,29997,1,3,4
13,17,IL,Illinois,1999,2180000000,548920274,342542,31073,1,3,4
13,17,IL,Illinois,2000,2329149744,581043168,324174,33251,1,3,4
13,17,IL,Illinois,2001,2456747406,611762328,323876,34331,1,3,4
13,17,IL,Illinois,2002,2596454598,676544917,335188,34669,1,3,4
13,17,IL,Illinois,2003,2443279100,793786800,348182,35198,1,3,4
13,17,IL,Illinois,2004,2418805248,907364644,356961,36464,1,3,4
13,17,IL,Illinois,2005,2430625483,1041851602,356798,37828,1,3,4
13,17,IL,Illinois,2006,2386551874,1068731217,356491,40278,1,3,4
13,17,IL,Illinois,2007,2559917478,1166887243,357931,42422,1,3,4
13,17,IL,Illinois,2008,2827988070,1464993648,358679,43306,1,3,4
13,17,IL,Illinois,2009,2960907538,1587322553,368019,41071,1,3,4
13,17,IL,Illinois,2010,3440574946,1789555277,391926,42090,1,3,4
13,17,IL,Illinois,2011,3340197079,1947496354,393313,44155,1,3,4
13,17,IL,Illinois,2012,3568336636,2027827593,384615,46047,1,3,4
13,17,IL,Illinois,2013,4061936129,2203354191,373403,47131,1,3,4
13,17,IL,Illinois,2014,4055752969,2252844387,362508,49504,1,3,4
13,17,IL,Illinois,2015,4129340132,2354393292,351917,51639,1,3,4
13,17,IL,Illinois,2016,3147287343,2415732385,341272,52509,1,3,4
14,18,IN,Indiana,1990,794800000,362100000,167999,17768,1,3,4
14,18,IN,Indiana,1991,854100000,390000000,171054,18121,1,3,4
14,18,IN,Indiana,1992,877000000,442600000,177364,19411,1,3,4
14,18,IN,Indiana,1993,871000000,474900000,181094,20232,1,3,4
14,18,IN,Indiana,1994,890300000,497600000,178048,21297,1,3,4
14,18,IN,Indiana,1995,894500000,527100000,173069,22047,1,3,4
14,18,IN,Indiana,1996,939500000,550600000,172362,23089,1,3,4
14,18,IN,Indiana,1997,990600000,584800000,174731,24096,1,3,4
14,18,IN,Indiana,1998,1044900000,616000000,178920,25757,1,3,4
14,18,IN,Indiana,1999,1102200000,648900000,183359,26592,1,3,4
14,18,IN,Indiana,2000,1178919000,701195000,187225,28138,1,3,4
14,18,IN,Indiana,2001,1230830000,751090000,188120,28640,1,3,4
14,18,IN,Indiana,2002,1141716683,872058000,198460,28918,1,3,4
14,18,IN,Indiana,2003,1251293134,998671290,208419,29394,1,3,4
14,18,IN,Indiana,2004,1294915900,1089775941,213357,30598,1,3,4
14,18,IN,Indiana,2005,1349363832,1171407183,214901,31339,1,3,4
14,18,IN,Indiana,2006,1356463982,1280885986,215349,32973,1,3,4
14,18,IN,Indiana,2007,1379799750,1337494158,217921,33913,1,3,4
14,18,IN,Indiana,2008,1441411209,1328003433,222837,35152,1,3,4
14,18,IN,Indiana,2009,1550903934,1474328111,232187,34015,1,3,4
14,18,IN,Indiana,2010,1532015744,1660671841,256596,35356,1,3,4
14,18,IN,Indiana,2011,1499753543,1777980202,263326,37531,1,3,4
14,18,IN,Indiana,2012,1476936515,2042096696,247019,39197,1,3,4
14,18,IN,Indiana,2013,1484383012,2087951243,238011,39511,1,3,4
14,18,IN,Indiana,2014,1588282488,2092348604,232357,40887,1,3,4
14,18,IN,Indiana,2015,1567098340,2154413654,229534,42326,1,3,4
14,18,IN,Indiana,2016,1657920986,2205821618,224508,43593,1,3,4
15,19,IA,Iowa,1990,495800000,202800000,97989,17628,1,3,3
15,19,IA,Iowa,1991,552300000,214700000,100764,17924,1,3,3
15,19,IA,Iowa,1992,529400000,227800000,90078,19086,1,3,3
15,19,IA,Iowa,1993,570700000,248400000,89981,19053,1,3,3
15,19,IA,Iowa,1994,594300000,261100000,94188,20677,1,3,3
15,19,IA,Iowa,1995,611200000,270800000,93641,21388,1,3,3
15,19,IA,Iowa,1996,643700000,281400000,100434,23209,1,3,3
15,19,IA,Iowa,1997,670600000,298700000,95023,24197,1,3,3
15,19,IA,Iowa,1998,704687593,323859838,96706,25346,1,3,3
15,19,IA,Iowa,1999,738126296,339493408,101566,25866,1,3,3
15,19,IA,Iowa,2000,774428066,360867963,103390,27535,1,3,3
15,19,IA,Iowa,2001,800212979,383667323,105545,28289,1,3,3
15,19,IA,Iowa,2002,737800639,428498278,110834,28944,1,3,3
15,19,IA,Iowa,2003,722750779,510572165,115060,29458,1,3,3
15,19,IA,Iowa,2004,691502472,552968127,117664,31680,1,3,3
15,19,IA,Iowa,2005,695064969,587759920,117737,32510,1,3,3
15,19,IA,Iowa,2006,729727256,601559014,112341,34348,1,3,3
15,19,IA,Iowa,2007,751826321,647191734,112934,36645,1,3,3
15,19,IA,Iowa,2008,818629509,683347067,115011,38576,1,3,3
15,19,IA,Iowa,2009,858096749,736705029,117254,37202,1,3,3
15,19,IA,Iowa,2010,815792362,843076558,127128,38139,1,3,3
15,19,IA,Iowa,2011,709388497,938365941,132744,40960,1,3,3
15,19,IA,Iowa,2012,692227822,994379661,132423,42906,1,3,3
15,19,IA,Iowa,2013,738780271,1023528924,129669,43451,1,3,3
15,19,IA,Iowa,2014,773118598,1067878653,127407,44749,1,3,3
15,19,IA,Iowa,2015,796651983,1098980511,124883,46191,1,3,3
15,19,IA,Iowa,2016,798278638,1130329849,126165,46350,1,3,3
16,20,KS,Kansas,1990,430200000,132300000,102656,18438,1,3,3
16,20,KS,Kansas,1991,446000000,144600000,104681,18934,1,3,3
16,20,KS,Kansas,1992,446100000,161000000,107093,20115,1,3,3
16,20,KS,Kansas,1993,462500000,179200000,108476,20853,1,3,3
16,20,KS,Kansas,1994,479300000,192300000,107521,21599,1,3,3
16,20,KS,Kansas,1995,503600000,203900000,106334,22349,1,3,3
16,20,KS,Kansas,1996,518900000,214700000,105827,23688,1,3,3
16,20,KS,Kansas,1997,525500000,224700000,100292,24958,1,3,3
16,20,KS,Kansas,1998,560600000,234500000,100435,26305,1,3,3
16,20,KS,Kansas,1999,594200000,243000000,105020,26988,1,3,3
16,20,KS,Kansas,2000,643637130,246367680,99430,28304,1,3,3
16,20,KS,Kansas,2001,676662130,256982649,100476,29123,1,3,3
16,20,KS,Kansas,2002,705270131,273799509,104341,29253,1,3,3
16,20,KS,Kansas,2003,672391320,313852084,109045,29947,1,3,3
16,20,KS,Kansas,2004,679154249,366429005,110243,30669,1,3,3
16,20,KS,Kansas,2005,719745106,420796793,111948,32234,1,3,3
16,20,KS,Kansas,2006,765633656,460343135,127645,35408,1,3,3
16,20,KS,Kansas,2007,780207262,518603626,127245,37776,1,3,3
16,20,KS,Kansas,2008,814881455,515447096,121743,40738,1,3,3
16,20,KS,Kansas,2009,804820532,581970529,125959,39002,1,3,3
16,20,KS,Kansas,2010,783237815,641365748,133126,39424,1,3,3
16,20,KS,Kansas,2011,784495910,698588789,135901,42626,1,3,3
16,20,KS,Kansas,2012,741965529,743939798,135916,45004,1,3,3
16,20,KS,Kansas,2013,784521147,760209803,134175,45816,0,3,3
16,20,KS,Kansas,2014,760338749,802741514,131787,46680,0,3,3
16,20,KS,Kansas,2015,792373077,834676916,129874,47169,0,3,3
16,20,KS,Kansas,2016,755089746,849493435,127329,47438,0,3,3
17,21,KY,Kentucky,1990,539700000,141300000,108245,15613,0,1,3
17,21,KY,Kentucky,1991,600600000,148700000,114792,16345,0,1,3
17,21,KY,Kentucky,1992,634000000,185300000,129791,17407,0,1,3
17,21,KY,Kentucky,1993,601000000,197400000,121414,17871,0,1,3
17,21,KY,Kentucky,1994,621500000,199800000,119818,18604,0,1,3
17,21,KY,Kentucky,1995,648300000,208600000,117386,19307,0,1,3
17,21,KY,Kentucky,1996,649800000,254700000,115839,20314,0,1,3
17,21,KY,Kentucky,1997,699500000,259800000,114390,21388,0,1,3
17,21,KY,Kentucky,1998,760000000,267200000,113583,22517,0,1,3
17,21,KY,Kentucky,1999,880600000,294880500,114359,23280,1,1,3
17,21,KY,Kentucky,2000,917450500,329832500,113568,24918,1,1,3
17,21,KY,Kentucky,2001,993133400,354995900,119500,25631,1,1,3
17,21,KY,Kentucky,2002,1075914000,377010200,131313,26075,1,1,3
17,21,KY,Kentucky,2003,1055427465,406867216,141005,26611,1,1,3
17,21,KY,Kentucky,2004,1063132000,363641481,140056,27953,1,1,3
17,21,KY,Kentucky,2005,1003278700,455960775,140579,29053,1,1,3
17,21,KY,Kentucky,2006,1127597869,488047191,140769,30507,1,1,3
17,21,KY,Kentucky,2007,1163643600,560494869,140621,31599,1,1,3
17,21,KY,Kentucky,2008,1232060900,624762285,142382,32745,1,1,3
17,21,KY,Kentucky,2009,1192955843,678629056,144641,32160,1,1,3
17,21,KY,Kentucky,2010,1192819872,738040278,154247,33119,1,1,3
17,21,KY,Kentucky,2011,1192790472,804759253,159806,34574,1,1,3
17,21,KY,Kentucky,2012,1145306069,850582303,159306,35681,1,1,3
17,21,KY,Kentucky,2013,1099824755,876249023,155586,35836,1,1,3
17,21,KY,Kentucky,2014,1104770827,907675906,154782,37461,1,1,3
17,21,KY,Kentucky,2015,1091570808,961022034,152317,38943,1,1,3
17,21,KY,Kentucky,2016,1093517976,973716968,149314,39433,1,1,3
18,22,LA,Louisiana,1990,527500000,222400000,120323,15369,1,1,1
18,22,LA,Louisiana,1991,585200000,231600000,125712,16084,1,1,1
18,22,LA,Louisiana,1992,587300000,237600000,132910,17066,1,1,1
18,22,LA,Louisiana,1993,575700000,269400000,136554,17809,1,1,1
18,22,LA,Louisiana,1994,567600000,315600000,134990,18840,1,1,1
18,22,LA,Louisiana,1995,589600000,314700000,135884,19630,1,1,1
18,22,LA,Louisiana,1996,593900000,325000000,136188,20409,1,1,1
18,22,LA,Louisiana,1997,645900000,330600000,136135,21352,1,1,1
18,22,LA,Louisiana,1998,726000000,340300000,137610,22278,1,1,1
18,22,LA,Louisiana,1999,942742597,354000000,169864,22718,1,1,1
18,22,LA,Louisiana,2000,975076762,262570700,170175,23943,1,1,1
18,22,LA,Louisiana,2001,995020964,281940713,168121,25543,1,1,1
18,22,LA,Louisiana,2002,1126180792,289988341,172092,26162,1,1,1
18,22,LA,Louisiana,2003,1181487845,318119057,177275,26778,1,1,1
18,22,LA,Louisiana,2004,1230324786,357356559,183276,27717,1,1,1
18,22,LA,Louisiana,2005,1273028888,364239362,183409,29656,1,1,1
18,22,LA,Louisiana,2006,1275793047,457672954,166536,33410,1,1,1
18,22,LA,Louisiana,2007,1445096584,438968999,166671,35832,1,1,1
18,22,LA,Louisiana,2008,1620573714,359659337,165255,37872,1,1,1
18,22,LA,Louisiana,2009,1584848557,401886698,169602,36375,1,1,1
18,22,LA,Louisiana,2010,1479727222,444945951,178931,37513,1,1,1
18,22,LA,Louisiana,2011,1568350033,465338841,183633,38507,1,1,1
18,22,LA,Louisiana,2012,1221589526,615353756,181589,40429,1,1,1
18,22,LA,Louisiana,2013,1157599416,672197554,174552,40734,1,1,1
18,22,LA,Louisiana,2014,1108143129,701818026,168001,42566,1,1,1
18,22,LA,Louisiana,2015,1101847943,739370138,165329,42890,1,1,1
18,22,LA,Louisiana,2016,1159382504,690371506,167896,42654,1,1,1
19,23,ME,Maine,1990,169100000,55300000,28716,17756,0,4,3
19,23,ME,Maine,1991,164000000,60000000,29554,17986,0,4,3
19,23,ME,Maine,1992,165500000,75500000,29979,18833,0,4,3
19,23,ME,Maine,1993,165300000,81400000,29722,19395,0,4,3
19,23,ME,Maine,1994,167000000,88000000,28212,20187,0,4,3
19,23,ME,Maine,1995,169000000,93600000,27433,21053,0,4,3
19,23,ME,Maine,1996,171900000,93400000,26834,22139,0,4,3
19,23,ME,Maine,1997,175200000,100700000,27154,23247,0,4,3
19,23,ME,Maine,1998,179655182,104546500,26913,24574,0,4,3
19,23,ME,Maine,1999,192214809,105086115,27640,25691,0,4,3
19,23,ME,Maine,2000,206026652,109355929,28910,27450,0,4,3
19,23,ME,Maine,2001,222133063,109395113,29287,28778,0,4,3
19,23,ME,Maine,2002,232263330,119211124,30560,29685,0,4,3
19,23,ME,Maine,2003,229726273,137765582,32736,30705,0,4,3
19,23,ME,Maine,2004,227249215,169289711,34516,32094,0,4,3
19,23,ME,Maine,2005,237054714,184640981,35167,32735,0,4,3
19,23,ME,Maine,2006,239708305,199333560,35235,34397,0,4,3
19,23,ME,Maine,2007,252211658,215841848,35514,35614,0,4,3
19,23,ME,Maine,2008,266898256,236445333,35533,36951,0,4,3
19,23,ME,Maine,2009,266006810,273502271,35968,36917,0,4,3
19,23,ME,Maine,2010,266226696,292863899,37517,37852,0,4,3
19,23,ME,Maine,2011,273177429,305726554,38284,39345,0,4,3
19,23,ME,Maine,2012,267337778,313256197,37897,40198,0,4,3
19,23,ME,Maine,2013,262485506,318438429,37342,40142,0,4,3
19,23,ME,Maine,2014,268428636,318481078,36577,41831,0,4,3
19,23,ME,Maine,2015,268906189,320954996,35445,43642,0,4,3
19,23,ME,Maine,2016,280367199,306929919,34604,44749,0,4,3
20,24,MD,Maryland,1990,792200000,294500000,155488,23104,1,1,4
20,24,MD,Maryland,1991,782700000,302900000,166686,23605,1,1,4
20,24,MD,Maryland,1992,686500000,377100000,155929,24503,1,1,4
20,24,MD,Maryland,1993,722000000,416200000,154175,25239,1,1,4
20,24,MD,Maryland,1994,714700000,399800000,152255,26161,1,1,4
20,24,MD,Maryland,1995,753900000,411800000,151813,27070,1,1,4
20,24,MD,Maryland,1996,779600000,447300000,151303,28119,1,1,4
20,24,MD,Maryland,1997,807100000,470100000,157929,29432,1,1,4
20,24,MD,Maryland,1998,839600000,511400000,161140,31389,1,1,4
20,24,MD,Maryland,1999,901500000,656015169,164225,33038,1,1,4
20,24,MD,Maryland,2000,999702625,690238915,167438,35572,1,1,4
20,24,MD,Maryland,2001,1233033099,742194906,175085,37043,1,1,4
20,24,MD,Maryland,2002,1251215744,773791846,174136,38047,1,1,4
20,24,MD,Maryland,2003,1156972057,839240220,168261,39394,1,1,4
20,24,MD,Maryland,2004,1097309836,954574104,165502,41732,1,1,4
20,24,MD,Maryland,2005,1137581869,1123872138,196626,43693,1,1,4
20,24,MD,Maryland,2006,1207602866,1188600427,192614,45796,1,1,4
20,24,MD,Maryland,2007,1378361263,1226801471,197966,47465,1,1,4
20,24,MD,Maryland,2008,1478284160,1279657112,207255,49307,1,1,4
20,24,MD,Maryland,2009,1544215869,1440862150,231079,48609,1,1,4
20,24,MD,Maryland,2010,1543276838,1534937474,231189,49857,1,1,4
20,24,MD,Maryland,2011,1540413613,1648105024,238742,52266,1,1,4
20,24,MD,Maryland,2012,1551475938,1744255919,242955,53361,1,1,4
20,24,MD,Maryland,2013,1562585982,1774080144,238814,52871,1,1,4
20,24,MD,Maryland,2014,1660437817,1743565901,232935,54542,1,1,4
20,24,MD,Maryland,2015,1732663435,1805548949,233208,57009,1,1,4
20,24,MD,Maryland,2016,1808877067,1878577329,234124,58934,1,1,4
21,25,MA,Massachusetts,1990,681600000,200000000,122586,23118,1,4,3
21,25,MA,Massachusetts,1991,603700000,248100000,121414,23486,0,4,3
21,25,MA,Massachusetts,1992,521400000,317100000,118885,24628,1,4,3
21,25,MA,Massachusetts,1993,601500000,309600000,121045,25471,1,4,3
21,25,MA,Massachusetts,1994,660800000,314500000,120049,26607,1,4,3
21,25,MA,Massachusetts,1995,698400000,312300000,118622,27964,1,4,3
21,25,MA,Massachusetts,1996,738300000,311300000,115252,29545,1,4,3
21,25,MA,Massachusetts,1997,799200000,317300000,114327,31180,1,4,3
21,25,MA,Massachusetts,1998,858800000,373600000,114154,32964,1,4,3
21,25,MA,Massachusetts,1999,922800000,401500000,117299,34959,1,4,3
21,25,MA,Massachusetts,2000,1009800000,416900000,118949,38577,1,4,3
21,25,MA,Massachusetts,2001,1106112369,436900000,119717,39888,1,4,3
21,25,MA,Massachusetts,2002,1014459029,459973000,123602,39621,1,4,3
21,25,MA,Massachusetts,2003,983608518,530224790,137045,40453,1,4,3
21,25,MA,Massachusetts,2004,874444776,641820773,137279,42637,1,4,3
21,25,MA,Massachusetts,2005,996835652,694158259,137677,44609,1,4,3
21,25,MA,Massachusetts,2006,1104271509,733106890,139874,48012,1,4,3
21,25,MA,Massachusetts,2007,1211148658,786638582,143565,50254,1,4,3
21,25,MA,Massachusetts,2008,1299664899,853664658,148288,51859,1,4,3
21,25,MA,Massachusetts,2009,1193761674,913441670,155387,50962,1,4,3
21,25,MA,Massachusetts,2010,1163385167,988836678,165244,53061,1,4,3
21,25,MA,Massachusetts,2011,1169733650,1066386188,168671,55273,1,4,3
21,25,MA,Massachusetts,2012,1165231136,947539477,170221,57323,1,4,3
21,25,MA,Massachusetts,2013,1212673382,1004739170,171974,57394,1,4,3
21,25,MA,Massachusetts,2014,1303221808,1021560487,172574,59892,1,4,3
21,25,MA,Massachusetts,2015,1426563697,1029492225,170703,63505,1,4,3
21,25,MA,Massachusetts,2016,1456951354,1071976171,169189,65164,1,4,3
22,26,MI,Michigan,1990,1408000000,876300000,327164,19051,0,3,4
22,26,MI,Michigan,1991,1423900000,928000000,334443,19298,0,3,4
22,26,MI,Michigan,1992,1479100000,1004200000,340230,20280,0,3,4
22,26,MI,Michigan,1993,1492200000,1109900000,340379,21219,0,3,4
22,26,MI,Michigan,1994,1504600000,1190800000,327690,22687,0,3,4
22,26,MI,Michigan,1995,1554900000,1242300000,317572,23801,0,3,4
22,26,MI,Michigan,1996,1615000000,1304000000,312658,24821,0,3,4
22,26,MI,Michigan,1997,1696500000,1372500000,311327,25990,0,3,4
22,26,MI,Michigan,1998,1749000000,1422000000,320533,27322,0,3,4
22,26,MI,Michigan,1999,1802000000,1452800000,325134,28582,0,3,4
22,26,MI,Michigan,2000,1988300000,1451600000,327342,30310,0,3,4
22,26,MI,Michigan,2001,2124200000,1533700000,333584,30688,0,3,4
22,26,MI,Michigan,2002,2158600000,1692500000,350261,30590,0,3,4
22,26,MI,Michigan,2003,2051201587,1973954778,352290,31254,1,3,4
22,26,MI,Michigan,2004,1889028600,2199404712,368600,32076,1,3,4
22,26,MI,Michigan,2005,1861051500,2337319424,371950,32755,1,3,4
22,26,MI,Michigan,2006,1921351700,2545082391,378034,33624,1,3,4
22,26,MI,Michigan,2007,1946768388,2775147433,384455,34704,1,3,4
22,26,MI,Michigan,2008,1952524388,3122583991,395019,35595,1,3,4
22,26,MI,Michigan,2009,1965266088,3315266061,409270,33938,1,3,4
22,26,MI,Michigan,2010,1865681975,3835684550,434490,35300,1,3,4
22,26,MI,Michigan,2011,1827793875,4077480978,435592,37462,1,3,4
22,26,MI,Michigan,2012,1549564500,4379900579,423785,38942,1,3,4
22,26,MI,Michigan,2013,1608741048,4522030281,411770,39272,1,3,4
22,26,MI,Michigan,2014,1668950645,4655674286,400859,41050,1,3,4
22,26,MI,Michigan,2015,1781575564,4815728676,390174,43408,1,3,4
22,26,MI,Michigan,2016,1822394014,4961810558,380221,44668,1,3,4
23,27,MN,Minnesota,1990,902500000,258200000,177032,19935,0,3,3
23,27,MN,Minnesota,1991,948100000,284100000,179644,20322,0,3,3
23,27,MN,Minnesota,1992,941800000,315600000,175191,21581,1,3,3
23,27,MN,Minnesota,1993,948600000,350500000,173835,21947,1,3,3
23,27,MN,Minnesota,1994,940100000,347600000,170649,23242,1,3,3
23,27,MN,Minnesota,1995,983800000,359800000,167537,24320,1,3,3
23,27,MN,Minnesota,1996,1006200000,362600000,161031,25932,1,3,3
23,27,MN,Minnesota,1997,1079600000,369800000,156851,27087,1,3,3
23,27,MN,Minnesota,1998,1166600000,385100000,156973,29056,1,3,3
23,27,MN,Minnesota,1999,1267900000,392040000,154175,30151,1,3,3
23,27,MN,Minnesota,2000,1288500000,418317000,161383,32252,1,3,3
23,27,MN,Minnesota,2001,1315100000,453718000,167238,33258,1,3,3
23,27,MN,Minnesota,2002,1397800000,501369000,176545,33852,1,3,3
23,27,MN,Minnesota,2003,1255455000,640824000,185452,35195,1,3,3
23,27,MN,Minnesota,2004,1227802000,756096000,189848,37027,1,3,3
23,27,MN,Minnesota,2005,1215367000,843952000,190087,37862,1,3,3
23,27,MN,Minnesota,2006,1309404000,882721000,189009,39531,1,3,3
23,27,MN,Minnesota,2007,1335975000,942968000,191456,41527,1,3,3
23,27,MN,Minnesota,2008,1497406000,1013766000,196014,42934,1,3,3
23,27,MN,Minnesota,2009,1494511532,1074658000,200732,40860,1,3,3
23,27,MN,Minnesota,2010,1490577000,1455113575,215009,42478,1,3,3
23,27,MN,Minnesota,2011,1331928696,1573515354,214342,45165,1,3,3
23,27,MN,Minnesota,2012,1227454984,1677759468,214653,47676,1,3,3
23,27,MN,Minnesota,2013,1225408355,1661712699,210332,47716,1,3,3
23,27,MN,Minnesota,2014,1329466162,1641731821,203523,49948,1,3,3
23,27,MN,Minnesota,2015,1382469010,1609061220,198328,51936,1,3,3
23,27,MN,Minnesota,2016,1468481298,1633436187,193197,52750,1,3,3
24,28,MS,Mississippi,1990,385500000,131400000,97721,13356,1,1,3
24,28,MS,Mississippi,1991,377600000,146400000,95513,13964,1,1,3
24,28,MS,Mississippi,1992,362900000,169500000,96515,14888,1,1,3
24,28,MS,Mississippi,1993,388100000,196900000,99058,15667,1,1,3
24,28,MS,Mississippi,1994,411200000,202200000,101068,16737,1,1,3
24,28,MS,Mississippi,1995,562600000,202800000,100786,17488,1,1,3
24,28,MS,Mississippi,1996,595500000,208500000,101584,18386,1,1,3
24,28,MS,Mississippi,1997,603400000,170100000,96350,19221,1,1,3
24,28,MS,Mississippi,1998,659002000,180400000,99503,20252,1,1,3
24,28,MS,Mississippi,1999,716326000,194900000,103507,20730,1,1,3
24,28,MS,Mississippi,2000,840943000,206537650,100634,21696,1,1,3
24,28,MS,Mississippi,2001,786025734,222115543,102490,22865,1,1,3
24,28,MS,Mississippi,2002,728229349,274851734,107110,23218,1,1,3
24,28,MS,Mississippi,2003,731013745,312885442,111650,24049,1,1,3
24,28,MS,Mississippi,2004,761522709,320938822,115613,25232,1,1,3
24,28,MS,Mississippi,2005,754475318,361851956,118060,26764,1,1,3
24,28,MS,Mississippi,2006,766885331,362177784,117731,27907,1,1,3
24,28,MS,Mississippi,2007,874412708,383538265,115739,29406,1,1,3
24,28,MS,Mississippi,2008,1040937018,449511043,117532,30544,1,1,3
24,28,MS,Mississippi,2009,974143046,487292732,118572,29938,1,1,3
24,28,MS,Mississippi,2010,1065505799,526819278,127025,30947,1,1,3
24,28,MS,Mississippi,2011,1015227147,587935927,138859,32179,1,1,3
24,28,MS,Mississippi,2012,949875161,637517566,137888,33317,1,1,3
24,28,MS,Mississippi,2013,920702025,651695512,132114,33839,1,1,3
24,28,MS,Mississippi,2014,968888056,686946035,130436,34610,1,1,3
24,28,MS,Mississippi,2015,1003931102,710330675,129481,35097,1,1,3
24,28,MS,Mississippi,2016,1033364037,745579757,128728,35778,1,1,3
25,29,MO,Missouri,1990,577300000,231700000,146683,17920,1,3,4
25,29,MO,Missouri,1991,596200000,273700000,154247,18559,1,3,4
25,29,MO,Missouri,1992,557600000,313600000,150971,19578,1,3,4
25,29,MO,Missouri,1993,589100000,363700000,155436,20265,1,3,4
25,29,MO,Missouri,1994,602300000,379100000,149800,21296,1,3,4
25,29,MO,Missouri,1995,648400000,395400000,146776,22236,1,3,4
25,29,MO,Missouri,1996,697900000,457400000,146566,23321,1,3,4
25,29,MO,Missouri,1997,749200000,338000000,146221,24507,1,3,4
25,29,MO,Missouri,1998,816300000,344000000,148155,25561,1,3,4
25,29,MO,Missouri,1999,891200000,350190981,151121,26434,1,3,4
25,29,MO,Missouri,2000,941992082,365954436,154631,28028,1,3,4
25,29,MO,Missouri,2001,987983197,399148848,156588,28730,1,3,4
25,29,MO,Missouri,2002,858713957,415882706,163408,29212,1,3,4
25,29,MO,Missouri,2003,871742665,510849878,166014,30089,1,3,4
25,29,MO,Missouri,2004,886183266,573031972,167742,31419,1,3,4
25,29,MO,Missouri,2005,905405510,684138450,158958,32274,1,3,4
25,29,MO,Missouri,2006,907465632,693098974,160918,33965,1,3,4
25,29,MO,Missouri,2007,959909293,696067772,163354,35360,1,3,4
25,29,MO,Missouri,2008,980099165,744495198,164160,37038,1,3,4
25,29,MO,Missouri,2009,1056104839,821042651,177751,36158,1,3,4
25,29,MO,Missouri,2010,1038833630,774460266,191608,36782,1,3,4
25,29,MO,Missouri,2011,969491861,936931726,197890,38213,1,3,4
25,29,MO,Missouri,2012,901051554,1009363292,196360,40002,1,3,4
25,29,MO,Missouri,2013,896505700,1032026271,196659,40155,1,3,4
25,29,MO,Missouri,2014,920569646,1093890282,196831,41550,1,3,4
25,29,MO,Missouri,2015,1008734682,1101696194,186936,42845,1,3,4
25,29,MO,Missouri,2016,1010986768,1093528556,192781,43615,1,3,4
26,30,MT,Montana,1990,109600000,29100000,27471,15469,0,2,3
26,30,MT,Montana,1991,115900000,31400000,28054,16298,0,2,3
26,30,MT,Montana,1992,130200000,35100000,28666,16971,0,2,3
26,30,MT,Montana,1993,123200000,46000000,29310,17950,0,2,3
26,30,MT,Montana,1994,117500000,56800000,29700,18095,0,2,3
26,30,MT,Montana,1995,123300000,65400000,32088,18728,0,2,3
26,30,MT,Montana,1996,122600000,76900000,32370,19411,0,2,3
26,30,MT,Montana,1997,125700000,84300000,33105,20159,1,2,3
26,30,MT,Montana,1998,127000000,92400000,33431,21592,1,2,3
26,30,MT,Montana,1999,130500000,96061145,33545,21923,1,2,3
26,30,MT,Montana,2000,138132534,98670183,33578,23195,1,2,3
26,30,MT,Montana,2001,141721881,97784630,33660,24105,1,2,3
26,30,MT,Montana,2002,149837689,106225480,34333,24670,1,2,3
26,30,MT,Montana,2003,146034002,128285421,34975,26187,1,2,3
26,30,MT,Montana,2004,150576424,135238192,35785,27951,1,2,3
26,30,MT,Montana,2005,152582000,147629550,35259,29737,1,2,3
26,30,MT,Montana,2006,172767000,159219887,35429,31828,1,2,3
26,30,MT,Montana,2007,171368691,170343696,35293,33865,1,2,3
26,30,MT,Montana,2008,196547880,172667630,35556,35250,1,2,3
26,30,MT,Montana,2009,207471410,181819569,36388,34279,1,2,3
26,30,MT,Montana,2010,209496709,196219494,38909,35891,1,2,3
26,30,MT,Montana,2011,209541869,211982718,40961,38158,1,2,3
26,30,MT,Montana,2012,202105316,220141468,40847,40292,1,2,3
26,30,MT,Montana,2013,202187817,227989504,40169,40122,1,2,3
26,30,MT,Montana,2014,226961354,234720480,39484,41811,1,2,3
26,30,MT,Montana,2015,240959102,238375512,38732,43537,1,2,3
26,30,MT,Montana,2016,249277353,239611642,37954,43951,1,2,3
27,31,NE,Nebraska,1990,293200000,78500000,64502,18487,0,3,4
27,31,NE,Nebraska,1991,327500000,85000000,65881,18989,0,3,4
27,31,NE,Nebraska,1992,339400000,93200000,68032,19984,0,3,4
27,31,NE,Nebraska,1993,353800000,98500000,69631,20478,0,3,4
27,31,NE,Nebraska,1994,357900000,105200000,68401,21617,0,3,4
27,31,NE,Nebraska,1995,368000000,111300000,67240,22593,0,3,4
27,31,NE,Nebraska,1996,385300000,117300000,66490,24371,0,3,4
27,31,NE,Nebraska,1997,401800000,120600000,64423,24915,0,3,4
27,31,NE,Nebraska,1998,415400000,139176197,64441,26576,0,3,4
27,31,NE,Nebraska,1999,442000000,149092982,64583,27667,0,3,4
27,31,NE,Nebraska,2000,467500000,157906149,64860,29115,0,3,4
27,31,NE,Nebraska,2001,489500000,168647918,65725,30270,1,3,4
27,31,NE,Nebraska,2002,512800000,185186718,67683,30658,0,3,4
27,31,NE,Nebraska,2003,527219899,202088187,68672,32358,0,3,4
27,31,NE,Nebraska,2004,504719315,239839112,71310,33510,0,3,4
27,31,NE,Nebraska,2005,513608474,237965609,71932,34462,0,3,4
27,31,NE,Nebraska,2006,560520777,264741097,72622,35863,0,3,4
27,31,NE,Nebraska,2007,600009918,249598250,73940,38442,0,3,4
27,31,NE,Nebraska,2008,631950246,292413707,75451,40302,0,3,4
27,31,NE,Nebraska,2009,648440563,315621885,77825,39279,0,3,4
27,31,NE,Nebraska,2010,638049796,297679299,83206,40878,0,3,4
27,31,NE,Nebraska,2011,650372687,396462082,84384,45353,0,3,4
27,31,NE,Nebraska,2012,647030417,423348141,83861,46467,0,3,4
27,31,NE,Nebraska,2013,654206731,436514927,81175,46468,0,3,4
27,31,NE,Nebraska,2014,682776789,453992591,79704,48866,0,3,4
27,31,NE,Nebraska,2015,711923094,451501597,78469,50465,1,3,4
27,31,NE,Nebraska,2016,742763046,473023335,76442,49703,1,3,4
28,32,NV,Nevada,1990,146600000,32600000,28085,20516,0,2,3
28,32,NV,Nevada,1991,163800000,39900000,30620,21228,0,2,3
28,32,NV,Nevada,1992,191800000,30800000,33544,22554,0,2,3
28,32,NV,Nevada,1993,207600000,36700000,35131,23360,0,2,3
28,32,NV,Nevada,1994,194200000,38900000,34672,24335,0,2,3
28,32,NV,Nevada,1995,194900000,42100000,34903,25379,1,2,3
28,32,NV,Nevada,1996,224600000,41500000,36584,26667,1,2,3
28,32,NV,Nevada,1997,237600000,61000000,39601,27534,1,2,3
28,32,NV,Nevada,1998,292527450,67944182,42013,29422,1,2,3
28,32,NV,Nevada,1999,290629329,75521737,44199,30436,1,2,3
28,32,NV,Nevada,2000,306478241,84651495,46809,31988,1,2,3
28,32,NV,Nevada,2001,316589859,91020299,48107,32423,1,2,3
28,32,NV,Nevada,2002,347166181,99826403,49953,32191,1,2,3
28,32,NV,Nevada,2003,356852563,111376653,54037,33159,1,2,3
28,32,NV,Nevada,2004,479847698,119748910,57219,35377,1,2,3
28,32,NV,Nevada,2005,502023883,133367358,59746,38373,1,2,3
28,32,NV,Nevada,2006,555541162,141580520,60948,39792,1,2,3
28,32,NV,Nevada,2007,593775719,144828351,61323,40159,1,2,3
28,32,NV,Nevada,2008,620032581,160289079,63324,38725,1,2,3
28,32,NV,Nevada,2009,623227269,178663389,65665,36334,1,2,3
28,32,NV,Nevada,2010,581263909,193177180,68799,37449,1,2,3
28,32,NV,Nevada,2011,550168604,215092101,69169,38774,1,2,3
28,32,NV,Nevada,2012,473148326,233758774,65238,39877,1,2,3
28,32,NV,Nevada,2013,472368017,242573993,65917,39576,1,2,3
28,32,NV,Nevada,2014,485640591,252737535,64497,41654,1,2,3
28,32,NV,Nevada,2015,487293554,268113800,66924,44247,1,2,3
28,32,NV,Nevada,2016,538609215,285118748,68959,44783,1,2,3
29,33,NH,New Hampshire,1990,69000000,81000000,26486,20682,1,4,3
29,33,NH,New Hampshire,1991,73000000,95200000,26160,21436,1,4,3
29,33,NH,New Hampshire,1992,75200000,111600000,27612,22337,1,4,3
29,33,NH,New Hampshire,1993,74000000,122500000,28432,22831,1,4,3
29,33,NH,New Hampshire,1994,80000000,130600000,28719,24088,1,4,3
29,33,NH,New Hampshire,1995,85000000,139000000,28432,25228,1,4,3
29,33,NH,New Hampshire,1996,83000000,160000000,27863,26339,1,4,3
29,33,NH,New Hampshire,1997,89000000,169000000,27863,27975,1,4,3
29,33,NH,New Hampshire,1998,89000000,175000000,27027,30388,1,4,3
29,33,NH,New Hampshire,1999,92000000,178000000,27018,31986,1,4,3
29,33,NH,New Hampshire,2000,100700000,179200000,28862,35547,1,4,3
29,33,NH,New Hampshire,2001,107600000,193500000,26506,36938,1,4,3
29,33,NH,New Hampshire,2002,102544225,205200000,27455,37157,1,4,3
29,33,NH,New Hampshire,2003,105722203,167059463,28068,37600,0,4,3
29,33,NH,New Hampshire,2004,111345727,159582935,30495,39559,1,4,3
29,33,NH,New Hampshire,2005,114421786,203002356,30885,40755,1,4,3
29,33,NH,New Hampshire,2006,116022613,218331844,31720,43346,1,4,3
29,33,NH,New Hampshire,2007,122451652,257155680,32092,44878,0,4,3
29,33,NH,New Hampshire,2008,131813188,280081775,32982,45897,0,4,3
29,33,NH,New Hampshire,2009,137199762,296252850,34311,45283,0,4,3
29,33,NH,New Hampshire,2010,143249335,328746132,39171,47317,0,4,3
29,33,NH,New Hampshire,2011,136521244,356995679,39036,49585,0,4,3
29,33,NH,New Hampshire,2012,82697778,389877552,39099,51782,0,4,3
29,33,NH,New Hampshire,2013,85622352,416200931,39224,51354,0,4,3
29,33,NH,New Hampshire,2014,109000000,406697961,36988,52884,0,4,3
29,33,NH,New Hampshire,2015,123155000,423652408,38398,54950,0,4,3
29,33,NH,New Hampshire,2016,123921071,416814355,36640,56800,0,4,3
30,34,NJ,New Jersey,1990,1079900000,311000000,169482,24754,1,0,4
30,34,NJ,New Jersey,1991,1009216023,356900000,164366,25072,1,0,4
30,34,NJ,New Jersey,1992,1080112000,403100000,170066,26713,1,0,4
30,34,NJ,New Jersey,1993,1122846237,429400000,170534,27374,1,0,4
30,34,NJ,New Jersey,1994,1185956206,440400000,167375,28110,1,0,4
30,34,NJ,New Jersey,1995,1197713553,498200000,167778,29588,1,0,4
30,34,NJ,New Jersey,1996,1303079478,538400000,165748,31052,1,0,4
30,34,NJ,New Jersey,1997,1332049171,579324400,164684,32804,1,0,4
30,34,NJ,New Jersey,1998,1282415952,611143100,166289,34630,1,0,4
30,34,NJ,New Jersey,1999,1370930061,623874995,169192,35988,1,0,4
30,34,NJ,New Jersey,2000,1440234427,672556561,171563,39298,1,0,4
30,34,NJ,New Jersey,2001,1577088385,862253135,178671,40305,1,0,4
30,34,NJ,New Jersey,2002,1672183211,920064316,188839,40601,1,0,4
30,34,NJ,New Jersey,2003,1631846978,1054145792,194846,41389,1,0,4
30,34,NJ,New Jersey,2004,1651270000,1169861987,201756,43185,1,0,4
30,34,NJ,New Jersey,2005,1795989000,1260429527,226969,44723,1,0,4
30,34,NJ,New Jersey,2006,1936332000,1360753850,228080,48025,1,0,4
30,34,NJ,New Jersey,2007,1876836000,1460040782,229968,50802,1,0,4
30,34,NJ,New Jersey,2008,1944787000,1600960729,238040,52042,1,0,4
30,34,NJ,New Jersey,2009,1881972000,1819714745,246215,50176,1,0,4
30,34,NJ,New Jersey,2010,1979696966,1959451758,268066,51402,1,0,4
30,34,NJ,New Jersey,2011,1960435000,2169429461,277147,53684,1,0,4
30,34,NJ,New Jersey,2012,1900811521,2277082291,278868,55583,1,0,4
30,34,NJ,New Jersey,2013,1779147000,2321303085,276052,56027,1,0,4
30,34,NJ,New Jersey,2014,1874118000,2540110583,274341,58625,1,0,4
30,34,NJ,New Jersey,2015,1867900000,2722541708,270053,61144,1,0,4
30,34,NJ,New Jersey,2016,1939445000,2753478506,268296,62629,1,0,4
31,35,NM,New Mexico,1990,302400000,61700000,60707,15314,1,2,4
31,35,NM,New Mexico,1991,337900000,28129290,63068,16034,1,2,4
31,35,NM,New Mexico,1992,352400000,31043263,66788,16800,1,2,4
31,35,NM,New Mexico,1993,367600000,33796456,68746,17616,1,2,4
31,35,NM,New Mexico,1994,396000000,43234593,71081,18291,1,2,4
31,35,NM,New Mexico,1995,437400000,48003746,68571,19223,1,2,4
31,35,NM,New Mexico,1996,465600000,47298179,70940,19826,1,2,4
31,35,NM,New Mexico,1997,418200000,46274803,62808,20576,1,2,4
31,35,NM,New Mexico,1998,416600000,43100549,67591,21315,1,2,4
31,35,NM,New Mexico,1999,508700000,42389714,72092,21671,1,2,4
31,35,NM,New Mexico,2000,517077500,52805732,67277,23178,1,2,4
31,35,NM,New Mexico,2001,470991600,53655592,66847,24718,1,2,4
31,35,NM,New Mexico,2002,512487400,57427655,68579,25296,1,2,4
31,35,NM,New Mexico,2003,646735100,59719584,75847,26120,1,2,4
31,35,NM,New Mexico,2004,702698800,88356975,79634,27363,1,2,4
31,35,NM,New Mexico,2005,754356912,91170995,79219,28869,1,2,4
31,35,NM,New Mexico,2006,828318039,125194667,79645,30427,1,2,4
31,35,NM,New Mexico,2007,944389323,104819590,83224,31752,1,2,4
31,35,NM,New Mexico,2008,1005140456,169176418,85203,33355,1,2,4
31,35,NM,New Mexico,2009,942860491,192147573,89450,32737,1,2,4
31,35,NM,New Mexico,2010,886090357,204037648,98709,33548,1,2,4
31,35,NM,New Mexico,2011,834429278,254426923,92078,35003,1,2,4
31,35,NM,New Mexico,2012,796688123,283802484,97719,35728,1,2,4
31,35,NM,New Mexico,2013,825131857,297947443,101239,35076,1,2,4
31,35,NM,New Mexico,2014,848583261,313140932,98630,37194,1,2,4
31,35,NM,New Mexico,2015,894514579,310508698,96110,38251,1,2,4
31,35,NM,New Mexico,2016,903894429,278989156,93379,38793,1,2,4
32,36,NY,New York,1990,2542100000,527400000,430784,23990,1,0,3
32,36,NY,New York,1991,2374100000,585500000,437920,23868,1,0,3
32,36,NY,New York,1992,2381500000,756500000,435353,25061,1,0,3
32,36,NY,New York,1993,2382800000,872300000,440713,25581,1,0,3
32,36,NY,New York,1994,2514900000,885500000,442730,26259,1,0,3
32,36,NY,New York,1995,2636700000,872600000,443289,27576,1,0,3
32,36,NY,New York,1996,2352400000,1107700000,431677,28936,1,0,3
32,36,NY,New York,1997,2350000000,1129100000,425953,30443,1,0,3
32,36,NY,New York,1998,2393800000,1124800000,436396,32019,1,0,3
32,36,NY,New York,1999,3349514970,1261501500,444092,33698,1,0,3
32,36,NY,New York,2000,2685564020,1252864670,422431,36044,1,0,3
32,36,NY,New York,2001,2950183200,1294052432,451855,37203,1,0,3
32,36,NY,New York,2002,3067821500,1345769328,466866,36980,1,0,3
32,36,NY,New York,2003,3202759500,1414803263,483616,37479,1,0,3
32,36,NY,New York,2004,2990893800,1779004680,489692,39287,1,0,3
32,36,NY,New York,2005,3319640500,1782286506,497971,41150,1,0,3
32,36,NY,New York,2006,3687117500,1827338578,500182,44335,1,0,3
32,36,NY,New York,2007,4136152300,1899290031,508909,47619,1,0,3
32,36,NY,New York,2008,4445758900,1987509682,526538,48259,1,0,3
32,36,NY,New York,2009,4568599975,2156691362,547845,47371,1,0,3
32,36,NY,New York,2010,4734362896,2389185067,572355,49194,1,0,3
32,36,NY,New York,2011,4853050799,2480299392,578830,51763,1,0,3
32,36,NY,New York,2012,4460361173,2634627928,577136,54432,1,0,3
32,36,NY,New York,2013,4728407235,2795146195,571693,55081,1,0,3
32,36,NY,New York,2014,4940438959,2973033601,565719,57279,1,0,3
32,36,NY,New York,2015,5163263919,3133439662,566235,59645,1,0,3
32,36,NY,New York,2016,5257363841,3323391026,556098,61520,1,0,3
33,37,NC,North Carolina,1990,1351200000,199500000,214812,17485,1,1,3
33,37,NC,North Carolina,1991,1396800000,223300000,224499,17967,1,1,3
33,37,NC,North Carolina,1992,1340000000,266000000,235194,19236,1,1,3
33,37,NC,North Carolina,1993,1484700000,301800000,240045,20085,1,1,3
33,37,NC,North Carolina,1994,1555500000,319300000,239428,20951,1,1,3
33,37,NC,North Carolina,1995,1657700000,346300000,239043,21987,1,1,3
33,37,NC,North Carolina,1996,1678200000,355200000,239319,23040,1,1,3
33,37,NC,North Carolina,1997,1788100000,385900000,239115,24251,1,1,3
33,37,NC,North Carolina,1998,1948600000,375100000,241175,25375,1,1,3
33,37,NC,North Carolina,1999,2073000000,392000000,254045,26204,1,1,3
33,37,NC,North Carolina,2000,2177778000,431058000,259308,27453,1,1,3
33,37,NC,North Carolina,2001,2291936000,461343000,268589,27823,1,1,3
33,37,NC,North Carolina,2002,2321615000,551352000,288997,27841,1,1,3
33,37,NC,North Carolina,2003,2370417000,583577000,302159,28633,1,1,3
33,37,NC,North Carolina,2004,2392112000,695711000,315159,30577,1,1,3
33,37,NC,North Carolina,2005,2574532429,756646213,339034,32287,1,1,3
33,37,NC,North Carolina,2006,2846505400,881664535,338644,34241,1,1,3
33,37,NC,North Carolina,2007,3233375882,909373697,344056,36072,1,1,3
33,37,NC,North Carolina,2008,3588795713,959256171,357601,37636,1,1,3
33,37,NC,North Carolina,2009,3451695888,990768581,385792,35746,1,1,3
33,37,NC,North Carolina,2010,3499776164,1053765151,420956,35592,1,1,3
33,37,NC,North Carolina,2011,3518166926,1145838052,425779,36689,1,1,3
33,37,NC,North Carolina,2012,3335411843,1380824421,412349,38878,1,1,3
33,37,NC,North Carolina,2013,3505790023,1477803911,410622,38102,1,1,3
33,37,NC,North Carolina,2014,3366855039,1581152790,402199,40005,1,1,3
33,37,NC,North Carolina,2015,3411139693,1637846159,391990,41850,1,1,3
33,37,NC,North Carolina,2016,3573152805,1753612650,388322,42707,1,1,3
34,38,ND,North Dakota,1990,131300000,53500000,32160,16084,1,3,3
34,38,ND,North Dakota,1991,136900000,56600000,28391,16340,1,3,3
34,38,ND,North Dakota,1992,156400000,59400000,31157,17849,1,3,3
34,38,ND,North Dakota,1993,154700000,58100000,31470,18009,1,3,3
34,38,ND,North Dakota,1994,151400000,62100000,30562,19460,1,3,3
34,38,ND,North Dakota,1995,148500000,65000000,30007,19404,1,3,3
34,38,ND,North Dakota,1996,156500000,65000000,30721,21627,1,3,3
34,38,ND,North Dakota,1997,154300000,64000000,30917,21196,1,3,3
34,38,ND,North Dakota,1998,174000000,63600000,29759,23467,1,3,3
34,38,ND,North Dakota,1999,175400000,66800000,29673,23948,1,3,3
34,38,ND,North Dakota,2000,184255579,70332772,30259,26175,1,3,3
34,38,ND,North Dakota,2001,185532471,99066007,31922,26800,0,3,3
34,38,ND,North Dakota,2002,201168351,90077588,33249,27466,1,3,3
34,38,ND,North Dakota,2003,203454356,106728157,34667,29777,1,3,3
34,38,ND,North Dakota,2004,200141405,142580341,35322,30000,1,3,3
34,38,ND,North Dakota,2005,201214818,170996936,34629,31599,1,3,3
34,38,ND,North Dakota,2006,214633720,191056715,34302,33005,1,3,3
34,38,ND,North Dakota,2007,215411828,205978706,33905,36455,1,3,3
34,38,ND,North Dakota,2008,253451127,212695156,34955,40620,1,3,3
34,38,ND,North Dakota,2009,253437401,230815574,36408,39863,1,3,3
34,38,ND,North Dakota,2010,310486389,234927459,37716,43643,1,3,3
34,38,ND,North Dakota,2011,309371187,241030434,37915,48068,1,3,3
34,38,ND,North Dakota,2012,341760422,256395406,37503,55435,1,3,3
34,38,ND,North Dakota,2013,341124027,263864824,37122,53833,1,3,3
34,38,ND,North Dakota,2014,406864294,271820562,36863,56101,1,3,3
34,38,ND,North Dakota,2015,407157307,276730327,36801,53619,1,3,3
34,38,ND,North Dakota,2016,402612681,285595025,36165,52716,1,3,3
35,39,OH,Ohio,1990,1371600000,735700000,320836,18683,1,3,4
35,39,OH,Ohio,1991,1416000000,814700000,330967,18973,1,3,4
35,39,OH,Ohio,1992,1356000000,928800000,341131,20056,1,3,4
35,39,OH,Ohio,1993,1311600000,1000300000,342439,20752,1,3,4
35,39,OH,Ohio,1994,1405000000,1008400000,337189,21816,1,3,4
35,39,OH,Ohio,1995,1499900000,1049600000,330256,22771,1,3,4
35,39,OH,Ohio,1996,1597700000,1097065792,325169,23762,1,3,4
35,39,OH,Ohio,1997,1770184400,1172454545,322933,25078,1,3,4
35,39,OH,Ohio,1998,1862592400,1207603996,322011,26440,1,3,4
35,39,OH,Ohio,1999,1932087500,1204394252,328875,27283,1,3,4
35,39,OH,Ohio,2000,2054083636,1260368251,332947,28684,1,3,4
35,39,OH,Ohio,2001,2171387806,1295401171,337379,29393,1,3,4
35,39,OH,Ohio,2002,2075041500,1444867695,353571,29796,1,3,4
35,39,OH,Ohio,2003,1968109037,1560751676,352538,30591,1,3,4
35,39,OH,Ohio,2004,1974746187,1719801313,360835,31719,1,3,4
35,39,OH,Ohio,2005,2001257230,1894058371,381073,32632,1,3,4
35,39,OH,Ohio,2006,2045063205,2040646250,363598,34240,1,3,4
35,39,OH,Ohio,2007,2070822344,2229312108,366629,35624,1,3,4
35,39,OH,Ohio,2008,2154298978,2269813777,375932,36724,1,3,4
35,39,OH,Ohio,2009,2331111368,2338946820,391546,35638,1,3,4
35,39,OH,Ohio,2010,2207215591,2606164053,447494,36663,1,3,4
35,39,OH,Ohio,2011,2215387869,2744416423,460747,39148,1,3,4
35,39,OH,Ohio,2012,1936781775,2979346316,423509,40690,1,3,4
35,39,OH,Ohio,2013,1968621818,3019540212,400796,41156,1,3,4
35,39,OH,Ohio,2014,2027846790,3033417583,401856,42792,1,3,4
35,39,OH,Ohio,2015,2051814922,3075911250,393845,44406,1,3,4
35,39,OH,Ohio,2016,2147008413,3090883426,388777,45127,1,3,4
36,40,OK,Oklahoma,1990,539800000,122100000,102878,16235,1,1,3
36,40,OK,Oklahoma,1991,589100000,119400000,105690,16589,1,1,3
36,40,OK,Oklahoma,1992,648300000,133100000,108110,17399,1,1,3
36,40,OK,Oklahoma,1993,668700000,138400000,114122,17910,1,1,3
36,40,OK,Oklahoma,1994,656100000,153300000,115463,18537,1,1,3
36,40,OK,Oklahoma,1995,644700000,193400000,114477,19173,1,1,3
36,40,OK,Oklahoma,1996,651000000,213300000,111385,20126,1,1,3
36,40,OK,Oklahoma,1997,731000000,109000000,117625,21072,1,1,3
36,40,OK,Oklahoma,1998,739000000,116000000,118153,22043,1,1,3
36,40,OK,Oklahoma,1999,770600000,107800000,120495,22422,1,1,3
36,40,OK,Oklahoma,2000,793686203,94192579,119115,24133,1,1,3
36,40,OK,Oklahoma,2001,834835810,192938712,121111,25484,1,1,3
36,40,OK,Oklahoma,2002,821430601,140083644,128530,25862,1,1,3
36,40,OK,Oklahoma,2003,834694901,228784278,128005,26906,1,1,3
36,40,OK,Oklahoma,2004,761446448,289584404,133393,28853,1,1,3
36,40,OK,Oklahoma,2005,782214996,340807791,136424,31295,1,1,3
36,40,OK,Oklahoma,2006,883730496,379321805,134940,34337,1,1,3
36,40,OK,Oklahoma,2007,1025383590,399399976,132093,35170,1,1,3
36,40,OK,Oklahoma,2008,1089387858,432894102,131191,38557,1,1,3
36,40,OK,Oklahoma,2009,1066772276,487360168,127058,35347,1,1,3
36,40,OK,Oklahoma,2010,1178402594,491708038,142024,36527,1,1,3
36,40,OK,Oklahoma,2011,1131784924,544525158,150171,39014,1,1,3
36,40,OK,Oklahoma,2012,1031875940,591943835,146518,41438,1,1,3
36,40,OK,Oklahoma,2013,1033909734,644369783,144138,43045,1,1,3
36,40,OK,Oklahoma,2014,1042251566,689429761,145401,45477,1,1,3
36,40,OK,Oklahoma,2015,1043569891,719148935,136311,44154,1,1,3
36,40,OK,Oklahoma,2016,916110328,752620259,134960,42047,1,1,3
37,41,OR,Oregon,1990,378500000,142400000,98848,18159,0,2,3
37,41,OR,Oregon,1991,427200000,154600000,102078,18670,0,2,3
37,41,OR,Oregon,1992,435000000,183500000,102327,19546,0,2,3
37,41,OR,Oregon,1993,465200000,190400000,102662,20452,0,2,3
37,41,OR,Oregon,1994,439400000,221300000,97471,21475,0,2,3
37,41,OR,Oregon,1995,469300000,238200000,95522,22663,0,2,3
37,41,OR,Oregon,1996,463300000,266700000,99726,23974,0,2,3
37,41,OR,Oregon,1997,477000000,267700000,99039,25015,0,2,3
37,41,OR,Oregon,1998,491500000,273000000,102238,25910,0,2,3
37,41,OR,Oregon,1999,510100000,270200000,103875,26679,0,2,3
37,41,OR,Oregon,2000,508427182,368195552,105870,28508,0,2,3
37,41,OR,Oregon,2001,654651462,347455555,111006,29011,0,2,3
37,41,OR,Oregon,2002,635270408,399381715,120210,28993,0,2,3
37,41,OR,Oregon,2003,632473817,470066274,125808,29758,0,2,3
37,41,OR,Oregon,2004,585529702,531074624,126970,31234,1,2,3
37,41,OR,Oregon,2005,582408429,577947065,127059,32421,1,2,3
37,41,OR,Oregon,2006,617720306,584502257,126443,34862,1,2,3
37,41,OR,Oregon,2007,636284019,614282359,125113,35955,1,2,3
37,41,OR,Oregon,2008,720656928,646144772,129626,37015,1,2,3
37,41,OR,Oregon,2009,737151030,661029569,141532,35402,1,2,3
37,41,OR,Oregon,2010,685866795,753048670,160037,36046,0,2,3
37,41,OR,Oregon,2011,647722878,966002243,168374,37730,0,2,3
37,41,OR,Oregon,2012,561925278,1050594717,165094,39513,0,2,3
37,41,OR,Oregon,2013,576528298,1110791005,160939,39931,0,2,3
37,41,OR,Oregon,2014,626948641,1289871951,155418,42375,0,2,3
37,41,OR,Oregon,2015,666048138,1273396339,149100,45065,0,2,3
37,41,OR,Oregon,2016,770867501,1242371710,144148,46352,0,2,3
38,42,PA,Pennsylvania,1990,1178700000,890700000,279477,19566,1,0,3
38,42,PA,Pennsylvania,1991,1253500000,980000000,286086,20244,1,0,3
38,42,PA,Pennsylvania,1992,1287700000,1051100000,295895,21250,1,0,3
38,42,PA,Pennsylvania,1993,1272500000,1123600000,299061,21930,1,0,3
38,42,PA,Pennsylvania,1994,1316200000,1171000000,291148,22616,1,0,3
38,42,PA,Pennsylvania,1995,1358600000,1195500000,277229,23583,1,0,3
38,42,PA,Pennsylvania,1996,1404700000,1237600000,278700,24743,1,0,3
38,42,PA,Pennsylvania,1997,1407500000,1326000000,272803,25967,0,0,3
38,42,PA,Pennsylvania,1998,1474500000,1402800000,277287,27411,0,0,3
38,42,PA,Pennsylvania,1999,1591700000,1478300000,280175,28527,0,0,3
38,42,PA,Pennsylvania,2000,1683587000,1548031181,280594,30479,0,0,3
38,42,PA,Pennsylvania,2001,1781073000,1691601859,288334,31602,0,0,3
38,42,PA,Pennsylvania,2002,1785581000,1802201100,293742,32129,0,0,3
38,42,PA,Pennsylvania,2003,1772844000,1713432664,315591,33104,0,0,3
38,42,PA,Pennsylvania,2004,1718322000,1973574449,322665,34922,0,0,3
38,42,PA,Pennsylvania,2005,1788417000,2163629404,326675,36296,0,0,3
38,42,PA,Pennsylvania,2006,1823642000,2330137880,327235,38115,0,0,3
38,42,PA,Pennsylvania,2007,1922791404,2458051547,337425,40314,0,0,3
38,42,PA,Pennsylvania,2008,1962241410,2653597434,343043,41575,0,0,3
38,42,PA,Pennsylvania,2009,1982938400,2969789103,353494,40398,0,0,3
38,42,PA,Pennsylvania,2010,1725794863,3288017259,371286,41997,0,0,3
38,42,PA,Pennsylvania,2011,1731374473,3546637211,374997,44146,0,0,3
38,42,PA,Pennsylvania,2012,1401117414,3383828425,369046,45986,0,0,3
38,42,PA,Pennsylvania,2013,1388968820,3599042396,364468,46348,1,0,3
38,42,PA,Pennsylvania,2014,1405548159,3676049675,358820,48314,1,0,3
38,42,PA,Pennsylvania,2015,1441136871,3827265795,355062,50261,1,0,3
38,42,PA,Pennsylvania,2016,1431841604,3950276832,350598,51407,1,0,3
39,44,RI,Rhode Island,1990,124800000,64400000,26668,20316,1,4,3
39,44,RI,Rhode Island,1991,112000000,76400000,27874,20419,1,4,3
39,44,RI,Rhode Island,1992,103000000,91000000,28450,21329,0,4,3
39,44,RI,Rhode Island,1993,104800000,100000000,28351,22180,0,4,3
39,44,RI,Rhode Island,1994,109000000,101700000,26735,22728,0,4,3
39,44,RI,Rhode Island,1995,115500000,107400000,25843,23918,0,4,3
39,44,RI,Rhode Island,1996,118000000,109000000,25117,24657,0,4,3
39,44,RI,Rhode Island,1997,123700000,108700000,24774,25975,0,4,3
39,44,RI,Rhode Island,1998,129200000,111200000,24730,27425,0,4,3
39,44,RI,Rhode Island,1999,138100000,111200000,24785,28489,0,4,3
39,44,RI,Rhode Island,2000,152100000,122700000,25402,30424,0,4,3
39,44,RI,Rhode Island,2001,165943600,130586601,25622,31817,0,4,3
39,44,RI,Rhode Island,2002,177472666,139911817,26677,32859,0,4,3
39,44,RI,Rhode Island,2003,172546294,153663438,26887,34358,0,4,3
39,44,RI,Rhode Island,2004,177104304,171945645,27815,36044,0,4,3
39,44,RI,Rhode Island,2005,180417154,190438106,28117,37046,0,4,3
39,44,RI,Rhode Island,2006,185472885,206253785,28092,39186,0,4,3
39,44,RI,Rhode Island,2007,189391902,230424270,28926,41049,0,4,3
39,44,RI,Rhode Island,2008,183391185,202030502,30120,41787,0,4,3
39,44,RI,Rhode Island,2009,159438816,225838764,30774,40760,0,4,3
39,44,RI,Rhode Island,2010,153104074,244119310,32071,42844,0,4,3
39,44,RI,Rhode Island,2011,158443823,252953891,31724,44548,0,4,3
39,44,RI,Rhode Island,2012,175683425,258789949,31729,46196,0,4,3
39,44,RI,Rhode Island,2013,156563306,272944370,31699,46229,0,4,3
39,44,RI,Rhode Island,2014,161089305,270245659,31506,48203,0,4,3
39,44,RI,Rhode Island,2015,168136070,277234057,31547,50187,0,4,3
39,44,RI,Rhode Island,2016,178544483,285155909,30757,50830,0,4,3
40,45,SC,South Carolina,1990,554600000,160400000,103083,16109,0,1,4
40,45,SC,South Carolina,1991,614700000,239600000,105570,16495,0,1,4
40,45,SC,South Carolina,1992,589700000,239800000,111964,17316,0,1,4
40,45,SC,South Carolina,1993,600700000,273000000,118794,17991,0,1,4
40,45,SC,South Carolina,1994,609100000,302800000,126891,18867,0,1,4
40,45,SC,South Carolina,1995,635500000,337700000,126479,19765,0,1,4
40,45,SC,South Carolina,1996,651300000,352700000,123261,20755,0,1,4
40,45,SC,South Carolina,1997,687900000,387600000,125382,21728,0,1,4
40,45,SC,South Carolina,1998,722300000,421600000,127873,22912,0,1,4
40,45,SC,South Carolina,1999,754700000,303486575,130936,23752,1,1,4
40,45,SC,South Carolina,2000,783134622,328766405,128067,25138,1,1,4
40,45,SC,South Carolina,2001,818752589,386376970,132404,25745,1,1,4
40,45,SC,South Carolina,2002,769215580,447619415,136300,26176,1,1,4
40,45,SC,South Carolina,2003,986409270,495097611,137267,26785,1,1,4
40,45,SC,South Carolina,2004,859937083,603218854,143071,27905,1,1,4
40,45,SC,South Carolina,2005,898815592,689770444,142567,29153,1,1,4
40,45,SC,South Carolina,2006,971222165,758593690,144401,30882,1,1,4
40,45,SC,South Carolina,2007,1040381115,782124686,145859,32249,1,1,4
40,45,SC,South Carolina,2008,1119892158,813867632,149541,32951,1,1,4
40,45,SC,South Carolina,2009,887476504,836570896,157467,31724,1,1,4
40,45,SC,South Carolina,2010,931569404,986897823,171727,32455,1,1,4
40,45,SC,South Carolina,2011,834955978,1122513957,172375,34056,1,1,4
40,45,SC,South Carolina,2012,766006874,1232205845,173448,35517,1,1,4
40,45,SC,South Carolina,2013,816163506,1283364069,178240,35678,1,1,4
40,45,SC,South Carolina,2014,814180695,1318386826,174816,37545,1,1,4
40,45,SC,South Carolina,2015,873069120,1442871931,174643,39425,1,1,4
40,45,SC,South Carolina,2016,926786299,1499805702,171202,40325,1,1,4
41,46,SD,South Dakota,1990,78100000,36400000,19108,16475,1,3,3
41,46,SD,South Dakota,1991,83300000,40400000,20062,17006,1,3,3
41,46,SD,South Dakota,1992,89400000,43700000,20952,18156,1,3,3
41,46,SD,South Dakota,1993,73500000,49300000,21890,18737,1,3,3
41,46,SD,South Dakota,1994,99300000,52600000,22917,19962,1,3,3
41,46,SD,South Dakota,1995,98800000,53900000,22765,20169,0,3,3
41,46,SD,South Dakota,1996,105500000,61600000,22101,22157,0,3,3
41,46,SD,South Dakota,1997,108800000,63800000,21375,22582,0,3,3
41,46,SD,South Dakota,1998,108500000,70000000,20564,24449,0,3,3
41,46,SD,South Dakota,1999,114100000,70280013,20476,25445,0,3,3
41,46,SD,South Dakota,2000,118100000,79166574,22056,26890,0,3,3
41,46,SD,South Dakota,2001,122200000,82904661,22064,27682,0,3,3
41,46,SD,South Dakota,2002,129200000,89497977,22573,27635,0,3,3
41,46,SD,South Dakota,2003,149665555,114473635,28232,30010,0,3,3
41,46,SD,South Dakota,2004,153592900,128234797,28154,31923,0,3,3
41,46,SD,South Dakota,2005,162643965,137554980,28523,33598,1,3,3
41,46,SD,South Dakota,2006,165351463,141554716,29254,35125,1,3,3
41,46,SD,South Dakota,2007,178444232,153590612,29231,38579,1,3,3
41,46,SD,South Dakota,2008,198402438,152436029,29595,40836,1,3,3
41,46,SD,South Dakota,2009,198987452,163761059,31027,39255,1,3,3
41,46,SD,South Dakota,2010,198009646,202241805,32324,41061,1,3,3
41,46,SD,South Dakota,2011,195958985,220782102,33313,44489,1,3,3
41,46,SD,South Dakota,2012,180333709,247689117,33540,45018,1,3,3
41,46,SD,South Dakota,2013,195533183,257079016,32945,45105,1,3,3
41,46,SD,South Dakota,2014,207046993,274788089,33659,46901,1,3,3
41,46,SD,South Dakota,2015,216424082,284451161,33938,48658,1,3,3
41,46,SD,South Dakota,2016,217175559,293301861,33675,48429,1,3,3
42,47,TN,Tennessee,1990,694900000,195900000,137078,16709,1,1,3
42,47,TN,Tennessee,1991,697200000,218500000,144468,17318,1,1,3
42,47,TN,Tennessee,1992,666300000,238000000,152824,18625,1,1,3
42,47,TN,Tennessee,1993,747700000,258800000,155648,19482,1,1,3
42,47,TN,Tennessee,1994,812900000,281000000,155699,20357,1,1,3
42,47,TN,Tennessee,1995,881500000,287300000,152437,21469,1,1,3
42,47,TN,Tennessee,1996,889000000,302500000,153375,22301,1,1,3
42,47,TN,Tennessee,1997,902000000,327100000,155466,23267,1,1,3
42,47,TN,Tennessee,1998,896300000,355100000,158340,25382,1,1,3
42,47,TN,Tennessee,1999,956700000,432792800,159909,26070,1,1,3
42,47,TN,Tennessee,2000,974327800,442334100,160751,27276,1,1,3
42,47,TN,Tennessee,2001,1039396400,415345000,159838,27728,1,1,3
42,47,TN,Tennessee,2002,1063314250,475145475,160822,28298,1,1,3
42,47,TN,Tennessee,2003,1085737400,524676100,167634,29187,1,1,3
42,47,TN,Tennessee,2004,1073505180,593378327,169613,30577,1,1,3
42,47,TN,Tennessee,2005,1312800800,569389000,170084,31523,1,1,3
42,47,TN,Tennessee,2006,1327610200,601457400,169042,33040,1,1,3
42,47,TN,Tennessee,2007,1447787700,594334400,171845,34178,1,1,3
42,47,TN,Tennessee,2008,1570983191,614742716,173706,35020,1,1,3
42,47,TN,Tennessee,2009,1589309381,648210752,178100,34462,1,1,3
42,47,TN,Tennessee,2010,1576715876,725831090,190286,35838,1,1,3
42,47,TN,Tennessee,2011,1576667913,825307775,201378,37792,1,1,3
42,47,TN,Tennessee,2012,1329799005,939248900,201735,39435,1,1,3
42,47,TN,Tennessee,2013,1367575784,997406770,196097,39533,1,1,3
42,47,TN,Tennessee,2014,1500244699,1066458036,190485,40972,1,1,3
42,47,TN,Tennessee,2015,1494713962,1101868418,185316,42810,1,1,3
42,47,TN,Tennessee,2016,1553428543,1132898144,185543,43961,1,1,3
43,48,TX,Texas,1990,3144900000,605700000,593659,17455,0,1,3
43,48,TX,Texas,1991,2961600000,666800000,612033,17897,0,1,3
43,48,TX,Texas,1992,3278000000,754700000,618889,18956,0,1,3
43,48,TX,Texas,1993,3246300000,868200000,625718,19624,0,1,3
43,48,TX,Texas,1994,3553100000,918900000,624173,20287,0,1,3
43,48,TX,Texas,1995,3556200000,1013500000,622408,21246,0,1,3
43,48,TX,Texas,1996,3709700000,1174000000,619578,22397,0,1,3
43,48,TX,Texas,1997,3664000000,1337300000,628214,23919,0,1,3
43,48,TX,Texas,1998,3982800000,1366100000,631994,25523,0,1,3
43,48,TX,Texas,1999,3961800000,1339000000,644760,26349,0,1,3
43,48,TX,Texas,2000,4540312379,1733927909,654039,28151,1,1,3
43,48,TX,Texas,2001,4630144818,1914899853,667534,29332,1,1,3
43,48,TX,Texas,2002,5198765809,2098693705,704310,29160,1,1,3
43,48,TX,Texas,2003,4883813876,2275462734,766342,29768,0,1,3
43,48,TX,Texas,2004,5097099242,1844180359,799142,30672,0,1,3
43,48,TX,Texas,2005,5017399810,2096714563,812696,32799,0,1,3
43,48,TX,Texas,2006,5570404871,2450413035,820788,35106,0,1,3
43,48,TX,Texas,2007,5600506677,2819849888,794211,36583,0,1,3
43,48,TX,Texas,2008,6241877967,3059317207,804918,39349,0,1,3
43,48,TX,Texas,2009,6001369045,2928593850,822131,36740,0,1,3
43,48,TX,Texas,2010,6655974961,3358202985,863475,38304,1,1,3
43,48,TX,Texas,2011,6186388741,3813170718,943694,41255,0,1,3
43,48,TX,Texas,2012,6389838452,3795933014,1013647,43458,0,1,3
43,48,TX,Texas,2013,6266805348,4297132872,1019173,43805,0,1,3
43,48,TX,Texas,2014,6858605266,4396541173,1010936,46367,0,1,3
43,48,TX,Texas,2015,6759272260,4604766878,1010334,46654,0,1,3
43,48,TX,Texas,2016,7339189836,4919388155,1020366,46092,0,1,3
44,49,UT,Utah,1990,292700000,80000000,60769,15010,0,2,3
44,49,UT,Utah,1991,305200000,90500000,65125,15656,0,2,3
44,49,UT,Utah,1992,327700000,105500000,71674,16401,0,2,3
44,49,UT,Utah,1993,350900000,115700000,75569,17115,0,2,3
44,49,UT,Utah,1994,366500000,125700000,77828,17933,1,2,3
44,49,UT,Utah,1995,400400000,135800000,79778,19019,0,2,3
44,49,UT,Utah,1996,424900000,148400000,81638,20183,0,2,3
44,49,UT,Utah,1997,463100000,144000000,81318,21288,0,2,3
44,49,UT,Utah,1998,470800000,158867152,84598,22540,0,2,3
44,49,UT,Utah,1999,488600000,160457152,85196,23333,0,2,3
44,49,UT,Utah,2000,522374292,162010353,87640,24531,0,2,3
44,49,UT,Utah,2001,553827695,179486324,91953,25141,0,2,3
44,49,UT,Utah,2002,593431100,189461595,98654,25399,0,2,3
44,49,UT,Utah,2003,610671500,249524699,108386,25911,1,2,3
44,49,UT,Utah,2004,611110900,277724363,108636,27152,1,2,3
44,49,UT,Utah,2005,643500900,295270299,107703,29046,1,2,3
44,49,UT,Utah,2006,686821000,317842306,104350,31454,1,2,3
44,49,UT,Utah,2007,714935000,332048600,102372,33247,1,2,3
44,49,UT,Utah,2008,808259600,370386529,103320,34009,1,2,3
44,49,UT,Utah,2009,773701131,372251355,107649,31907,1,2,3
44,49,UT,Utah,2010,741524000,464400349,118446,32193,1,2,3
44,49,UT,Utah,2011,731630122,541725864,125073,34223,1,2,3
44,49,UT,Utah,2012,725643437,598688859,126594,36176,1,2,3
44,49,UT,Utah,2013,745446100,619075717,123851,36789,1,2,3
44,49,UT,Utah,2014,795036400,642402471,119692,38548,1,2,3
44,49,UT,Utah,2015,883979912,671912361,120352,40864,1,2,3
44,49,UT,Utah,2016,929315814,716136209,122066,42203,1,2,3
45,50,VT,Vermont,1990,56100000,77000000,15210,18233,0,4,2
45,50,VT,Vermont,1991,55400000,85100000,15382,18465,0,4,2
45,50,VT,Vermont,1992,54500000,94200000,15780,19627,0,4,2
45,50,VT,Vermont,1993,52900000,104200000,15595,20218,0,4,2
45,50,VT,Vermont,1994,51700000,108500000,15344,20977,1,4,2
45,50,VT,Vermont,1995,52400000,109800000,14979,21885,1,4,2
45,50,VT,Vermont,1996,53600000,114600000,14933,22883,1,4,2
45,50,VT,Vermont,1997,53700000,118000000,14982,23999,1,4,2
45,50,VT,Vermont,1998,43543544,138093725,15324,25488,1,4,2
45,50,VT,Vermont,1999,45469161,141757431,16049,26961,1,4,2
45,50,VT,Vermont,2000,53876570,136764530,15571,28915,1,4,2
45,50,VT,Vermont,2001,57624650,142677617,15914,30533,1,4,2
45,50,VT,Vermont,2002,61407302,148856735,16379,30991,1,4,2
45,50,VT,Vermont,2003,64907084,150284648,16843,32067,1,4,2
45,50,VT,Vermont,2004,66508333,165937019,17429,33818,1,4,2
45,50,VT,Vermont,2005,68113461,182062938,18059,34557,1,4,2
45,50,VT,Vermont,2006,71592982,204118958,18868,36830,1,4,2
45,50,VT,Vermont,2007,75613930,225425995,19381,38802,1,4,2
45,50,VT,Vermont,2008,78740081,244169426,19875,40645,1,4,2
45,50,VT,Vermont,2009,76131464,275974349,20654,39996,1,4,2
45,50,VT,Vermont,2010,81881869,274528240,21778,41201,1,4,2
45,50,VT,Vermont,2011,83156403,287048565,22548,43622,1,4,2
45,50,VT,Vermont,2012,78602094,302517354,21791,45209,1,4,2
45,50,VT,Vermont,2013,78493637,307098044,21259,45818,1,4,2
45,50,VT,Vermont,2014,81831127,304676795,20903,47676,1,4,2
45,50,VT,Vermont,2015,80723094,315529547,20639,49369,1,4,2
45,50,VT,Vermont,2016,81394294,329297689,20447,50625,1,4,2
46,51,VA,Virginia,1990,1041500000,373100000,211007,20840,1,1,4
46,51,VA,Virginia,1991,1026400000,417800000,215377,21431,1,1,4
46,51,VA,Virginia,1992,922800000,481200000,220348,22398,1,1,4
46,51,VA,Virginia,1993,895600000,550800000,220795,23192,1,1,4
46,51,VA,Virginia,1994,908200000,603700000,218808,24098,1,1,4
46,51,VA,Virginia,1995,925800000,626800000,216673,25035,1,1,4
46,51,VA,Virginia,1996,938100000,664800000,216024,25973,1,1,4
46,51,VA,Virginia,1997,1023600000,670800000,217672,27360,1,1,4
46,51,VA,Virginia,1998,1100500000,688100000,223817,28932,1,1,4
46,51,VA,Virginia,1999,1233696000,699271209,229909,30568,1,1,4
46,51,VA,Virginia,2000,1410171000,652771059,233263,32654,1,1,4
46,51,VA,Virginia,2001,1557416000,671445468,236014,33916,1,1,4
46,51,VA,Virginia,2002,1606220000,702005680,246637,34436,1,1,4
46,51,VA,Virginia,2003,1367765964,915458440,254694,36104,1,1,4
46,51,VA,Virginia,2004,1286057492,1011091871,257534,38118,1,1,4
46,51,VA,Virginia,2005,1416857537,1170561799,260813,40216,1,1,4
46,51,VA,Virginia,2006,1528045074,1255004451,265615,42505,1,1,4
46,51,VA,Virginia,2007,1777974316,1340218673,273039,44289,1,1,4
46,51,VA,Virginia,2008,1798866530,1486788271,281940,45501,1,1,4
46,51,VA,Virginia,2009,1814429775,1657951303,294436,44026,1,1,4
46,51,VA,Virginia,2010,1720204203,1828423523,312598,45413,1,1,4
46,51,VA,Virginia,2011,1827926000,2070199829,321965,47688,1,1,4
46,51,VA,Virginia,2012,1540865971,2527671135,325517,49452,1,1,4
46,51,VA,Virginia,2013,1619495459,2409965534,320481,48717,1,1,4
46,51,VA,Virginia,2014,1687888513,2368914404,318166,50557,1,1,4
46,51,VA,Virginia,2015,1716447759,2519457058,314066,52712,1,1,4
46,51,VA,Virginia,2016,1768223956,2800214150,310368,53345,1,1,4
47,53,WA,Washington,1990,788100000,172500000,153569,20222,1,2,4
47,53,WA,Washington,1991,851700000,189600000,155141,21129,0,2,4
47,53,WA,Washington,1992,870700000,210900000,159388,22237,0,2,4
47,53,WA,Washington,1993,956200000,239400000,174851,22860,0,2,4
47,53,WA,Washington,1994,945000000,258900000,183858,23600,1,2,4
47,53,WA,Washington,1995,923800000,305100000,187135,24475,1,2,4
47,53,WA,Washington,1996,984000000,314300000,192375,25898,1,2,4
47,53,WA,Washington,1997,1063200000,330800000,194795,27405,1,2,4
47,53,WA,Washington,1998,1093900000,341500000,195074,29400,1,2,4
47,53,WA,Washington,1999,1128300000,384600000,199809,31042,1,2,4
47,53,WA,Washington,2000,1218500000,290055000,198984,32858,1,2,4
47,53,WA,Washington,2001,1295063000,358705000,204663,33258,1,2,4
47,53,WA,Washington,2002,1326976000,398739000,213147,33518,1,2,4
47,53,WA,Washington,2003,1350911000,463228000,220677,34545,1,2,4
47,53,WA,Washington,2004,1332281000,503369000,220041,36577,1,2,4
47,53,WA,Washington,2005,1379636000,558471000,213801,37592,1,2,4
47,53,WA,Washington,2006,1504220000,575283000,213055,40265,1,2,4
47,53,WA,Washington,2007,1596527000,621774000,214847,43125,1,2,4
47,53,WA,Washington,2008,1729742000,668292000,221264,44550,1,2,4
47,53,WA,Washington,2009,1768265336,719705945,236742,41851,1,2,4
47,53,WA,Washington,2010,1633134029,813477549,254867,42524,1,2,4
47,53,WA,Washington,2011,1554549647,994744736,261485,44555,1,2,4
47,53,WA,Washington,2012,1324915507,1132833152,253902,47723,1,2,4
47,53,WA,Washington,2013,1372931230,1278143360,248273,48240,1,2,4
47,53,WA,Washington,2014,1538016655,1333430655,245011,51465,1,2,4
47,53,WA,Washington,2015,1539186000,1378863784,242221,53696,1,2,4
47,53,WA,Washington,2016,1730396000,1372283574,240788,55415,1,2,4
48,54,WV,West Virginia,1990,222000000,81000000,58766,14608,0,1,4
48,54,WV,West Virginia,1991,245200000,97200000,60626,15182,0,1,4
48,54,WV,West Virginia,1992,250500000,113400000,63284,16277,0,1,4
48,54,WV,West Virginia,1993,250200000,118400000,63777,16780,0,1,4
48,54,WV,West Virginia,1994,268100000,132200000,62316,17480,1,1,4
48,54,WV,West Virginia,1995,277800000,149500000,61519,18037,0,1,4
48,54,WV,West Virginia,1996,291500000,147800000,60806,18767,0,1,4
48,54,WV,West Virginia,1997,302500000,153500000,60822,19587,0,1,4
48,54,WV,West Virginia,1998,316400000,164100000,62026,20534,0,1,4
48,54,WV,West Virginia,1999,329700000,176800000,62337,21130,0,1,4
48,54,WV,West Virginia,2000,385026154,164178679,62959,22386,0,1,4
48,54,WV,West Virginia,2001,405582841,162498647,62902,23786,0,1,4
48,54,WV,West Virginia,2002,432870615,186620264,64799,24530,1,1,4
48,54,WV,West Virginia,2003,429256223,199790396,67374,24759,1,1,4
48,54,WV,West Virginia,2004,400503343,221816055,69466,25592,1,1,4
48,54,WV,West Virginia,2005,422096118,255215183,70786,26828,1,1,4
48,54,WV,West Virginia,2006,413897024,279062225,71717,28546,1,1,4
48,54,WV,West Virginia,2007,451626531,296169982,72679,29551,1,1,4
48,54,WV,West Virginia,2008,557199890,319043648,73525,31328,1,1,4
48,54,WV,West Virginia,2009,508290113,354007603,74864,31470,1,1,4
48,54,WV,West Virginia,2010,512023354,375925805,78798,32392,1,1,4
48,54,WV,West Virginia,2011,523995613,403962472,81116,34184,1,1,4
48,54,WV,West Virginia,2012,534382333,426592343,80193,35143,1,1,4
48,54,WV,West Virginia,2013,540957475,420616885,78458,34950,1,1,4
48,54,WV,West Virginia,2014,506812924,476797146,76202,36053,1,1,4
48,54,WV,West Virginia,2015,500087938,476846513,72765,36774,1,1,4
48,54,WV,West Virginia,2016,477219418,497854571,71026,36912,1,1,4
49,55,WI,Wisconsin,1990,789600000,359000000,188500,18438,1,3,3
49,55,WI,Wisconsin,1991,837800000,381200000,188074,18936,1,3,3
49,55,WI,Wisconsin,1992,856900000,397500000,188268,20179,1,3,3
49,55,WI,Wisconsin,1993,895600000,420900000,186552,20986,1,3,3
49,55,WI,Wisconsin,1994,928300000,387000000,185588,22088,1,3,3
49,55,WI,Wisconsin,1995,970900000,408300000,181486,23015,1,3,3
49,55,WI,Wisconsin,1996,963500000,425100000,180920,24129,1,3,3
49,55,WI,Wisconsin,1997,958900000,441000000,179636,25429,1,3,3
49,55,WI,Wisconsin,1998,993800000,473600000,184019,26995,1,3,3
49,55,WI,Wisconsin,1999,1032600000,502300000,188790,27954,1,3,3
49,55,WI,Wisconsin,2000,1067000000,540800000,191528,29573,1,3,3
49,55,WI,Wisconsin,2001,1141661400,476537300,196523,30852,1,3,3
49,55,WI,Wisconsin,2002,1165835400,520446519,204123,31436,1,3,3
49,55,WI,Wisconsin,2003,1182207300,571884609,209599,32098,1,3,3
49,55,WI,Wisconsin,2004,1094073292,629757345,212880,33354,1,3,3
49,55,WI,Wisconsin,2005,1089082127,723254719,212752,34353,1,3,3
49,55,WI,Wisconsin,2006,1076865418,784367472,214065,36297,1,3,3
49,55,WI,Wisconsin,2007,1138605448,838083635,215098,37764,1,3,3
49,55,WI,Wisconsin,2008,1208566464,852504481,219006,38914,1,3,3
49,55,WI,Wisconsin,2009,1256337919,884668069,224113,38085,1,3,3
49,55,WI,Wisconsin,2010,1213611307,1004222753,237403,38994,1,3,3
49,55,WI,Wisconsin,2011,1293558993,1054881991,240625,41119,1,3,3
49,55,WI,Wisconsin,2012,1072706681,1156408923,233284,42956,1,3,3
49,55,WI,Wisconsin,2013,1127019916,1216018562,229463,43076,1,3,3
49,55,WI,Wisconsin,2014,1076167922,1257366916,223777,44780,1,3,3
49,55,WI,Wisconsin,2015,1563321661,1255218834,219490,46558,1,3,3
49,55,WI,Wisconsin,2016,1433406014,1289063320,217856,47426,1,3,3
50,56,WY,Wyoming,1990,129600000,17400000,21592,18147,0,2,4
50,56,WY,Wyoming,1991,131000000,17500000,21593,18818,0,2,4
50,56,WY,Wyoming,1992,136900000,23500000,22644,19583,0,2,4
50,56,WY,Wyoming,1993,135900000,29800000,22005,20419,0,2,4
50,56,WY,Wyoming,1994,135700000,33600000,21601,21034,0,2,4
50,56,WY,Wyoming,1995,139400000,34400000,21521,21818,0,2,4
50,56,WY,Wyoming,1996,144300000,39700000,23685,22693,0,2,4
50,56,WY,Wyoming,1997,195517223,43600000,21007,24282,0,2,4
50,56,WY,Wyoming,1998,183533312,45900000,21077,25788,0,2,4
50,56,WY,Wyoming,1999,177835396,50565003,23548,27461,0,2,4
50,56,WY,Wyoming,2000,185850840,52526275,20419,29363,0,2,4
50,56,WY,Wyoming,2001,150332680,55299939,20198,30971,0,2,4
50,56,WY,Wyoming,2002,163429717,44321052,20874,31448,0,2,4
50,56,WY,Wyoming,2003,193065410,48893389,21774,33109,0,2,4
50,56,WY,Wyoming,2004,200615570,45832464,22225,34977,0,2,4
50,56,WY,Wyoming,2005,217638250,48868911,22426,38071,0,2,4
50,56,WY,Wyoming,2006,251244326,51191670,22483,43192,0,2,4
50,56,WY,Wyoming,2007,276929650,50851261,22569,44905,0,2,4
50,56,WY,Wyoming,2008,290507515,52250946,23054,48227,0,2,4
50,56,WY,Wyoming,2009,327329344,43525758,23628,43488,0,2,4
50,56,WY,Wyoming,2010,307863715,43630907,25587,46002,0,2,4
50,56,WY,Wyoming,2011,384142924,47813616,26392,50115,0,2,4
50,56,WY,Wyoming,2012,336853978,54335426,26174,53712,0,2,4
50,56,WY,Wyoming,2013,382436460,58504472,25669,53102,0,2,4
50,56,WY,Wyoming,2014,349773047,60354917,24986,56682,0,2,4
50,56,WY,Wyoming,2015,374015659,63795835,24041,57225,0,2,4
50,56,WY,Wyoming,2016,416424253,59434380,23812,55511,0,2,4
