fips,state_abbrev,state,fy,state_appropr,fte_enrollment,fed_relief
1,AL,ALABAMA,1980,238800000,138620,
1,AL,ALABAMA,1981,276700000,145092,
1,AL,ALABAMA,1982,281300000,144840,
1,AL,ALABAMA,1983,303900000,145520,
1,AL,ALABAMA,1984,353300000,144962,
1,AL,ALABAMA,1985,416900000,138705,
1,AL,ALABAMA,1986,540400000,139554,
1,AL,ALABAMA,1987,461900000,142140,
1,AL,ALABAMA,1988,514400000,143246,
1,AL,ALABAMA,1989,557900000,147265,
1,AL,ALABAMA,1990,543200000,159669,
1,AL,ALABAMA,1991,557100000,170454,
1,AL,ALABAMA,1992,558000000,173946,
1,AL,ALABAMA,1993,571000000,180448,
1,AL,ALABAMA,1994,652700000,182374,
1,AL,ALABAMA,1995,728600000,179335,
1,AL,ALABAMA,1996,681200000,177408,
1,AL,ALABAMA,1997,712600000,180996,
1,AL,ALABAMA,1998,719200000,180335,
1,AL,ALABAMA,1999,788000000,172926,
1,AL,ALABAMA,2000,812248992,166806,
1,AL,ALABAMA,2001,803362761,165833,0
1,AL,ALABAMA,2002,816569084,173687,0
1,AL,ALABAMA,2003,853896083,180654,0
1,AL,ALABAMA,2004,858965823,183167,0
1,AL,ALABAMA,2005,882129435,180517,0
1,AL,ALABAMA,2006,1017232186,180985,0
1,AL,ALABAMA,2007,1211654323,182504,0
1,AL,ALABAMA,2008,1416023516,187086,0
1,AL,ALABAMA,2009,1136882694,199153,0
1,AL,ALABAMA,2010,1136929049,210067,118743545
1,AL,ALABAMA,2011,1136580631,212758,118743545
1,AL,ALABAMA,2012,1070652706,206364,0
1,AL,ALABAMA,2013,998984984,197110,0
1,AL,ALABAMA,2014,1008948422,194439,0
1,AL,ALABAMA,2015,1037785642,193411,0
1,AL,ALABAMA,2016,1054930293,195536,0
1,AL,ALABAMA,2017,1143426040,198619,0
1,AL,ALABAMA,2018,1186560181,202506,0
1,AL,ALABAMA,2019,1269430395,202773,0
1,AL,ALABAMA,2020,1439972414,200991,104995290
1,AL,ALABAMA,2021,1358644376,194930,0
1,AL,ALABAMA,2022,1553418153,191445,0
1,AL,ALABAMA,2023,2563238319,197404,0
1,AL,ALABAMA,2024,2132260233,200949,0
2,AK,ALASKA,1980,76400000,10530,
2,AK,ALASKA,1981,93300000,11744,
2,AK,ALASKA,1982,113300000,12794,
2,AK,ALASKA,1983,132700000,13941,
2,AK,ALASKA,1984,142700000,15061,
2,AK,ALASKA,1985,154100000,15000,
2,AK,ALASKA,1986,154100000,13965,
2,AK,ALASKA,1987,138600000,14894,
2,AK,ALASKA,1988,132600000,14349,
2,AK,ALASKA,1989,139400000,15063,
2,AK,ALASKA,1990,145400000,15213,
2,AK,ALASKA,1991,154100000,17058,
2,AK,ALASKA,1992,155892500,17611,
2,AK,ALASKA,1993,157492500,18033,
2,AK,ALASKA,1994,161637600,17962,
2,AK,ALASKA,1995,159737600,17934,
2,AK,ALASKA,1996,158837600,17434,
2,AK,ALASKA,1997,155633000,17216,
2,AK,ALASKA,1998,155291000,16840,
2,AK,ALASKA,1999,156549600,16214,
2,AK,ALASKA,2000,161515297,15968,
2,AK,ALASKA,2001,172191820,16079,0
2,AK,ALASKA,2002,182845322,16706,0
2,AK,ALASKA,2003,192177845,17974,0
2,AK,ALASKA,2004,196508104,18802,0
2,AK,ALASKA,2005,210187282,18720,0
2,AK,ALASKA,2006,229099268,18795,0
2,AK,ALASKA,2007,260704504,18666,0
2,AK,ALASKA,2008,273532065,18723,0
2,AK,ALASKA,2009,293886002,19030,0
2,AK,ALASKA,2010,302786996,20291,0
2,AK,ALASKA,2011,314709156,21090,0
2,AK,ALASKA,2012,330027482,21674,0
2,AK,ALASKA,2013,344074639,21151,0
2,AK,ALASKA,2014,361680907,20484,0
2,AK,ALASKA,2015,361042116,19934,0
2,AK,ALASKA,2016,334381411,19269,0
2,AK,ALASKA,2017,316355251,18492,0
2,AK,ALASKA,2018,310843056,17555,0
2,AK,ALASKA,2019,318675553,16721,0
2,AK,ALASKA,2020,295529002,15051,1700000
2,AK,ALASKA,2021,291560183,13739,16832201
2,AK,ALASKA,2022,276128816,12440,2100000
2,AK,ALASKA,2023,293493096,12075,0
2,AK,ALASKA,2024,306036971,12684,0
4,AZ,ARIZONA,1980,247100000,120148,
4,AZ,ARIZONA,1981,280800000,121835,
4,AZ,ARIZONA,1982,321800000,122762,
4,AZ,ARIZONA,1983,306200000,125103,
4,AZ,ARIZONA,1984,352000000,121672,
4,AZ,ARIZONA,1985,380000000,117861,
4,AZ,ARIZONA,1986,432200000,118610,
4,AZ,ARIZONA,1987,445800000,124340,
4,AZ,ARIZONA,1988,493600000,129939,
4,AZ,ARIZONA,1989,548500000,139868,
4,AZ,ARIZONA,1990,576200000,148735,
4,AZ,ARIZONA,1991,616200000,154864,
4,AZ,ARIZONA,1992,630700000,159040,
4,AZ,ARIZONA,1993,650700000,158969,
4,AZ,ARIZONA,1994,672400000,158876,
4,AZ,ARIZONA,1995,721900000,160757,
4,AZ,ARIZONA,1996,773000000,164271,
4,AZ,ARIZONA,1997,816000000,164930,
4,AZ,ARIZONA,1998,868000000,170930,
4,AZ,ARIZONA,1999,935900000,176648,
4,AZ,ARIZONA,2000,1025683900,180669,
4,AZ,ARIZONA,2001,1083366700,194629,0
4,AZ,ARIZONA,2002,1170922389,201660,0
4,AZ,ARIZONA,2003,1182635910,215146,0
4,AZ,ARIZONA,2004,1226061263,221824,0
4,AZ,ARIZONA,2005,1295147968,226420,0
4,AZ,ARIZONA,2006,1425527898,227283,0
4,AZ,ARIZONA,2007,1586517430,229558,0
4,AZ,ARIZONA,2008,1753797192,233255,0
4,AZ,ARIZONA,2009,1832245585,245680,182809300
4,AZ,ARIZONA,2010,1710803216,259953,83147900
4,AZ,ARIZONA,2011,1638678519,275071,0
4,AZ,ARIZONA,2012,1383694893,275238,0
4,AZ,ARIZONA,2013,1418173488,270644,0
4,AZ,ARIZONA,2014,1472975162,270127,0
4,AZ,ARIZONA,2015,1521823070,274454,0
4,AZ,ARIZONA,2016,1462926000,279239,0
4,AZ,ARIZONA,2017,1517455500,286335,0
4,AZ,ARIZONA,2018,1565514200,290816,0
4,AZ,ARIZONA,2019,1635158900,292856,0
4,AZ,ARIZONA,2020,1766130300,304281,37000000
4,AZ,ARIZONA,2021,1831059200,292192,129600000
4,AZ,ARIZONA,2022,1896600200,296293,0
4,AZ,ARIZONA,2023,2114514000,304993,0
4,AZ,ARIZONA,2024,2149916600,327169,20151200
5,AR,ARKANSAS,1980,113500000,53130,
5,AR,ARKANSAS,1981,119600000,55125,
5,AR,ARKANSAS,1982,126400000,55883,
5,AR,ARKANSAS,1983,135400000,55935,
5,AR,ARKANSAS,1984,140800000,55831,
5,AR,ARKANSAS,1985,178700000,54746,
5,AR,ARKANSAS,1986,197400000,54590,
5,AR,ARKANSAS,1987,195200000,55566,
5,AR,ARKANSAS,1988,198500000,56056,
5,AR,ARKANSAS,1989,220700000,58586,
5,AR,ARKANSAS,1990,226400000,61487,
5,AR,ARKANSAS,1991,233600000,64911,
5,AR,ARKANSAS,1992,272800000,72268,
5,AR,ARKANSAS,1993,296100000,74280,
5,AR,ARKANSAS,1994,293600000,75473,
5,AR,ARKANSAS,1995,307293666,74054,
5,AR,ARKANSAS,1996,334800000,76158,
5,AR,ARKANSAS,1997,350400000,75019,
5,AR,ARKANSAS,1998,375700000,78940,
5,AR,ARKANSAS,1999,409420925,80603,
5,AR,ARKANSAS,2000,466828459,86263,
5,AR,ARKANSAS,2001,476590507,87337,0
5,AR,ARKANSAS,2002,500540745,92722,0
5,AR,ARKANSAS,2003,467643771,92508,0
5,AR,ARKANSAS,2004,510063319,96292,0
5,AR,ARKANSAS,2005,500047256,99231,0
5,AR,ARKANSAS,2006,590353209,101344,0
5,AR,ARKANSAS,2007,628684148,103369,0
5,AR,ARKANSAS,2008,696190432,106206,0
5,AR,ARKANSAS,2009,702271943,108474,0
5,AR,ARKANSAS,2010,770927093,118884,13641365
5,AR,ARKANSAS,2011,823150391,124085,13641365
5,AR,ARKANSAS,2012,819881057,124426,0
5,AR,ARKANSAS,2013,810816178,124157,0
5,AR,ARKANSAS,2014,801842013,121365,0
5,AR,ARKANSAS,2015,799621607,118416,0
5,AR,ARKANSAS,2016,788472269,117112,0
5,AR,ARKANSAS,2017,772691447,116382,0
5,AR,ARKANSAS,2018,771608069,114872,0
5,AR,ARKANSAS,2019,788120622,113245,0
5,AR,ARKANSAS,2020,808767361,111155,0
5,AR,ARKANSAS,2021,810551303,105002,13000000
5,AR,ARKANSAS,2022,872885819,102567,0
5,AR,ARKANSAS,2023,874492166,103606,0
5,AR,ARKANSAS,2024,864871251,106724,0
6,CA,CALIFORNIA,1980,2650900000,979142,
6,CA,CALIFORNIA,1981,3080400000,1048051,
6,CA,CALIFORNIA,1982,3148400000,1075967,
6,CA,CALIFORNIA,1983,3021100000,1053638,
6,CA,CALIFORNIA,1984,2716100000,993557,
6,CA,CALIFORNIA,1985,3846800000,973445,
6,CA,CALIFORNIA,1986,4158900000,979150,
6,CA,CALIFORNIA,1987,4841700000,1017608,
6,CA,CALIFORNIA,1988,5049000000,1041280,
6,CA,CALIFORNIA,1989,5186800000,1047288,
6,CA,CALIFORNIA,1990,5494000000,1141287,
6,CA,CALIFORNIA,1991,6010700000,1107711,
6,CA,CALIFORNIA,1992,5708400000,1116255,
6,CA,CALIFORNIA,1993,5224200000,1104739,
6,CA,CALIFORNIA,1994,5065400000,1069633,
6,CA,CALIFORNIA,1995,5466000000,1073048,
6,CA,CALIFORNIA,1996,5964100000,1103616,
6,CA,CALIFORNIA,1997,6497700000,1143849,
6,CA,CALIFORNIA,1998,7813800000,1157374,
6,CA,CALIFORNIA,1999,7953100000,1194874,
6,CA,CALIFORNIA,2000,8385151000,1228982,
6,CA,CALIFORNIA,2001,9390676790,1322308,0
6,CA,CALIFORNIA,2002,10077667841,1409319,0
6,CA,CALIFORNIA,2003,10247288563,1459682,0
6,CA,CALIFORNIA,2004,9694081159,1445866,0
6,CA,CALIFORNIA,2005,9941565950,1446593,0
6,CA,CALIFORNIA,2006,10842345321,1447723,0
6,CA,CALIFORNIA,2007,11700128706,1504909,0
6,CA,CALIFORNIA,2008,12395405487,1559382,0
6,CA,CALIFORNIA,2009,11312204231,1633524,537000000
6,CA,CALIFORNIA,2010,11887873683,1617690,931030000
6,CA,CALIFORNIA,2011,11964817383,1580877,217079000
6,CA,CALIFORNIA,2012,10414119104,1525443,0
6,CA,CALIFORNIA,2013,10863467225,1500851,0
6,CA,CALIFORNIA,2014,12107234217,1532304,0
6,CA,CALIFORNIA,2015,13772499078,1563541,0
6,CA,CALIFORNIA,2016,14795761123,1584280,0
6,CA,CALIFORNIA,2017,15349839072,1590692,0
6,CA,CALIFORNIA,2018,16185961248,1606728,0
6,CA,CALIFORNIA,2019,17453433305,1591131,0
6,CA,CALIFORNIA,2020,17832520719,1590119,0
6,CA,CALIFORNIA,2021,18846994572,1502627,53975000
6,CA,CALIFORNIA,2022,21594119496,1412884,250000000
6,CA,CALIFORNIA,2023,21598960624,1434158,0
6,CA,CALIFORNIA,2024,22819962872,1520716,0
8,CO,COLORADO,1980,177300000,113281,
8,CO,COLORADO,1981,188300000,115913,
8,CO,COLORADO,1982,230100000,117425,
8,CO,COLORADO,1983,243900000,118319,
8,CO,COLORADO,1984,261200000,117535,
8,CO,COLORADO,1985,274900000,113747,
8,CO,COLORADO,1986,286000000,111441,
8,CO,COLORADO,1987,305000000,113381,
8,CO,COLORADO,1988,325200000,116979,
8,CO,COLORADO,1989,350400000,122837,
8,CO,COLORADO,1990,372500000,127721,
8,CO,COLORADO,1991,391300000,131390,
8,CO,COLORADO,1992,396400000,134262,
8,CO,COLORADO,1993,413000000,136715,
8,CO,COLORADO,1994,426400000,135947,
8,CO,COLORADO,1995,444000000,135279,
8,CO,COLORADO,1996,482300000,135335,
8,CO,COLORADO,1997,513700000,136086,
8,CO,COLORADO,1998,541100000,137682,
8,CO,COLORADO,1999,564200000,139730,
8,CO,COLORADO,2000,599990516,141727,
8,CO,COLORADO,2001,640763232,141492,0
8,CO,COLORADO,2002,644928314,147724,0
8,CO,COLORADO,2003,536176196,156258,0
8,CO,COLORADO,2004,520407125,161181,0
8,CO,COLORADO,2005,550896704,162711,0
8,CO,COLORADO,2006,587886517,158876,0
8,CO,COLORADO,2007,626567535,157382,0
8,CO,COLORADO,2008,690736053,164638,0
8,CO,COLORADO,2009,791038697,171564,150964055
8,CO,COLORADO,2010,826747266,187231,382008249
8,CO,COLORADO,2011,708487160,195621,89194099
8,CO,COLORADO,2012,592325387,192541,0
8,CO,COLORADO,2013,584189704,188405,0
8,CO,COLORADO,2014,626070298,184836,0
8,CO,COLORADO,2015,723882228,181867,0
8,CO,COLORADO,2016,801822043,180264,0
8,CO,COLORADO,2017,808586966,182212,0
8,CO,COLORADO,2018,837069999,183875,0
8,CO,COLORADO,2019,927281692,183744,0
8,CO,COLORADO,2020,1032900415,188864,0
8,CO,COLORADO,2021,1175819686,179676,546492140
8,CO,COLORADO,2022,1271610327,175533,103750000
8,CO,COLORADO,2023,1251543266,175969,0
8,CO,COLORADO,2024,1411530245,181532,0
9,CT,CONNECTICUT,1980,150100000,58909,
9,CT,CONNECTICUT,1981,168800000,60385,
9,CT,CONNECTICUT,1982,186900000,61391,
9,CT,CONNECTICUT,1983,207200000,62000,
9,CT,CONNECTICUT,1984,224500000,62048,
9,CT,CONNECTICUT,1985,245100000,60800,
9,CT,CONNECTICUT,1986,265800000,58563,
9,CT,CONNECTICUT,1987,301300000,57914,
9,CT,CONNECTICUT,1988,343500000,59160,
9,CT,CONNECTICUT,1989,388700000,61260,
9,CT,CONNECTICUT,1990,429800000,63374,
9,CT,CONNECTICUT,1991,443600000,63332,
9,CT,CONNECTICUT,1992,425900000,62853,
9,CT,CONNECTICUT,1993,348900000,62658,
9,CT,CONNECTICUT,1994,403100000,60914,
9,CT,CONNECTICUT,1995,402100000,59311,
9,CT,CONNECTICUT,1996,425300000,57568,
9,CT,CONNECTICUT,1997,433700000,56659,
9,CT,CONNECTICUT,1998,464000000,55727,
9,CT,CONNECTICUT,1999,495300000,56661,
9,CT,CONNECTICUT,2000,570491439,58885,
9,CT,CONNECTICUT,2001,728119450,60976,0
9,CT,CONNECTICUT,2002,775818357,64183,0
9,CT,CONNECTICUT,2003,775280943,68062,0
9,CT,CONNECTICUT,2004,767130594,70030,0
9,CT,CONNECTICUT,2005,808118592,72278,0
9,CT,CONNECTICUT,2006,852032917,73608,0
9,CT,CONNECTICUT,2007,946230128,74951,0
9,CT,CONNECTICUT,2008,1070841570,77088,0
9,CT,CONNECTICUT,2009,1081587490,80433,0
9,CT,CONNECTICUT,2010,1134269869,85033,33474626
9,CT,CONNECTICUT,2011,1113143409,86281,0
9,CT,CONNECTICUT,2012,982821895,85683,0
9,CT,CONNECTICUT,2013,915246552,87810,0
9,CT,CONNECTICUT,2014,1050278240,88681,0
9,CT,CONNECTICUT,2015,913645523,87403,0
9,CT,CONNECTICUT,2016,995449585,85705,0
9,CT,CONNECTICUT,2017,959695990,90404,0
9,CT,CONNECTICUT,2018,925304465,86008,0
9,CT,CONNECTICUT,2019,937939636,83793,0
9,CT,CONNECTICUT,2020,956250860,81422,0
9,CT,CONNECTICUT,2021,1071747520,73489,8881682
9,CT,CONNECTICUT,2022,1346974745,74344,129500000
9,CT,CONNECTICUT,2023,1629917596,73309,333500000
9,CT,CONNECTICUT,2024,1523016553,76077,280900000
10,DE,DELAWARE,1980,47700000,20664,
10,DE,DELAWARE,1981,55200000,21253,
10,DE,DELAWARE,1982,65900000,21821,
10,DE,DELAWARE,1983,70300000,21613,
10,DE,DELAWARE,1984,70900000,21799,
10,DE,DELAWARE,1985,78800000,21845,
10,DE,DELAWARE,1986,86500000,20993,
10,DE,DELAWARE,1987,89200000,21372,
10,DE,DELAWARE,1988,92700000,21842,
10,DE,DELAWARE,1989,98000000,22164,
10,DE,DELAWARE,1990,105400000,24657,
10,DE,DELAWARE,1991,107000000,26013,
10,DE,DELAWARE,1992,110200000,25847,
10,DE,DELAWARE,1993,111600000,26649,
10,DE,DELAWARE,1994,111200000,26515,
10,DE,DELAWARE,1995,118800000,26542,
10,DE,DELAWARE,1996,134000000,26829,
10,DE,DELAWARE,1997,154800000,27225,
10,DE,DELAWARE,1998,143000000,27401,
10,DE,DELAWARE,1999,160800000,29654,
10,DE,DELAWARE,2000,166850400,28960,
10,DE,DELAWARE,2001,184700000,28944,0
10,DE,DELAWARE,2002,185400000,26775,0
10,DE,DELAWARE,2003,172991541,31028,0
10,DE,DELAWARE,2004,182592016,29546,0
10,DE,DELAWARE,2005,193947638,30541,0
10,DE,DELAWARE,2006,206268466,31269,0
10,DE,DELAWARE,2007,221922783,31269,0
10,DE,DELAWARE,2008,227048530,31619,0
10,DE,DELAWARE,2009,230633155,32417,0
10,DE,DELAWARE,2010,228906260,33570,15873000
10,DE,DELAWARE,2011,198939300,34648,0
10,DE,DELAWARE,2012,201555666,34672,0
10,DE,DELAWARE,2013,202886697,34715,0
10,DE,DELAWARE,2014,216749517,35657,0
10,DE,DELAWARE,2015,215044321,36742,0
10,DE,DELAWARE,2016,219180525,36472,0
10,DE,DELAWARE,2017,224940884,35554,0
10,DE,DELAWARE,2018,227252682,36073,0
10,DE,DELAWARE,2019,237825000,36410,0
10,DE,DELAWARE,2020,264173185,35571,17598285
10,DE,DELAWARE,2021,296272848,36409,45243548
10,DE,DELAWARE,2022,292614276,33946,37473576
10,DE,DELAWARE,2023,265054220,36134,0
10,DE,DELAWARE,2024,274712100,37240,0
12,FL,FLORIDA,1980,504100000,287388,
12,FL,FLORIDA,1981,573100000,299391,
12,FL,FLORIDA,1982,652100000,296090,
12,FL,FLORIDA,1983,690200000,287714,
12,FL,FLORIDA,1984,759600000,288205,
12,FL,FLORIDA,1985,805400000,281543,
12,FL,FLORIDA,1986,865700000,283432,
12,FL,FLORIDA,1987,966800000,291810,
12,FL,FLORIDA,1988,1076700000,303344,
12,FL,FLORIDA,1989,1210800000,324382,
12,FL,FLORIDA,1990,1358700000,349166,
12,FL,FLORIDA,1991,1408000000,371517,
12,FL,FLORIDA,1992,1362300000,386611,
12,FL,FLORIDA,1993,1362000000,391434,
12,FL,FLORIDA,1994,1439200000,396520,
12,FL,FLORIDA,1995,1570000000,403791,
12,FL,FLORIDA,1996,1653100000,406122,
12,FL,FLORIDA,1997,1847100000,402441,
12,FL,FLORIDA,1998,1992100000,403535,
12,FL,FLORIDA,1999,2029400000,395610,
12,FL,FLORIDA,2000,2271458821,404417,
12,FL,FLORIDA,2001,2674601779,420957,0
12,FL,FLORIDA,2002,2623736626,442010,0
12,FL,FLORIDA,2003,2774468127,476654,0
12,FL,FLORIDA,2004,2797348226,499972,0
12,FL,FLORIDA,2005,3163962883,504657,0
12,FL,FLORIDA,2006,3339398274,507927,0
12,FL,FLORIDA,2007,3403649600,518086,0
12,FL,FLORIDA,2008,3427281970,540784,0
12,FL,FLORIDA,2009,3554773837,564963,0
12,FL,FLORIDA,2010,3418837385,607246,292805162
12,FL,FLORIDA,2011,3553665384,636320,350463938
12,FL,FLORIDA,2012,3078166171,641446,0
12,FL,FLORIDA,2013,2790407674,619179,0
12,FL,FLORIDA,2014,3338502730,608226,0
12,FL,FLORIDA,2015,3585844548,601198,0
12,FL,FLORIDA,2016,3736710937,598660,0
12,FL,FLORIDA,2017,3917763966,597279,0
12,FL,FLORIDA,2018,4393719863,602623,0
12,FL,FLORIDA,2019,4690942769,608942,0
12,FL,FLORIDA,2020,4834933590,609447,0
12,FL,FLORIDA,2021,4972731396,595404,24868734
12,FL,FLORIDA,2022,5153282045,567038,21630000
12,FL,FLORIDA,2023,5465090235,561008,0
12,FL,FLORIDA,2024,6436061337,579477,0
13,GA,GEORGIA,1980,349600000,157155,
13,GA,GEORGIA,1981,393800000,158724,
13,GA,GEORGIA,1982,458200000,161800,
13,GA,GEORGIA,1983,492800000,167684,
13,GA,GEORGIA,1984,498900000,165715,
13,GA,GEORGIA,1985,558000000,162785,
13,GA,GEORGIA,1986,600400000,167050,
13,GA,GEORGIA,1987,639700000,171313,
13,GA,GEORGIA,1988,679100000,175581,
13,GA,GEORGIA,1989,730100000,179849,
13,GA,GEORGIA,1990,795000000,163655,
13,GA,GEORGIA,1991,828200000,176088,
13,GA,GEORGIA,1992,787700000,193170,
13,GA,GEORGIA,1993,850700000,198630,
13,GA,GEORGIA,1994,969300000,202591,
13,GA,GEORGIA,1995,1097100000,208154,
13,GA,GEORGIA,1996,1186600000,212767,
13,GA,GEORGIA,1997,1377200000,217236,
13,GA,GEORGIA,1998,1471500000,222203,
13,GA,GEORGIA,1999,1266300000,173871,
13,GA,GEORGIA,2000,1633933294,172909,
13,GA,GEORGIA,2001,1932022408,234998,0
13,GA,GEORGIA,2002,1953117347,259566,0
13,GA,GEORGIA,2003,1982068886,282373,0
13,GA,GEORGIA,2004,2019786761,288475,0
13,GA,GEORGIA,2005,2130921041,295356,0
13,GA,GEORGIA,2006,2299321955,292655,0
13,GA,GEORGIA,2007,2414618903,298512,0
13,GA,GEORGIA,2008,2565174463,311717,0
13,GA,GEORGIA,2009,2488885169,331967,19304452
13,GA,GEORGIA,2010,2600247628,371921,355121875
13,GA,GEORGIA,2011,2621894838,386534,57298847
13,GA,GEORGIA,2012,2321424853,379844,74232912
13,GA,GEORGIA,2013,2259457706,355866,0
13,GA,GEORGIA,2014,2415597522,348844,0
13,GA,GEORGIA,2015,2526889141,345467,0
13,GA,GEORGIA,2016,2668665688,346741,0
13,GA,GEORGIA,2017,2815093582,348606,0
13,GA,GEORGIA,2018,3026764862,351519,0
13,GA,GEORGIA,2019,3194255053,356348,0
13,GA,GEORGIA,2020,3353328160,360193,0
13,GA,GEORGIA,2021,3208418812,356921,29555785
13,GA,GEORGIA,2022,4257058350,348450,741230167
13,GA,GEORGIA,2023,4309680002,348477,323948499
13,GA,GEORGIA,2024,4234823524,366748,0
15,HI,HAWAII,1980,107200000,30465,
15,HI,HAWAII,1981,120000000,30643,
15,HI,HAWAII,1982,136000000,31540,
15,HI,HAWAII,1983,160000000,32457,
15,HI,HAWAII,1984,162400000,31453,
15,HI,HAWAII,1985,170400000,29649,
15,HI,HAWAII,1986,184800000,28689,
15,HI,HAWAII,1987,160800000,27862,
15,HI,HAWAII,1988,186400000,27774,
15,HI,HAWAII,1989,201600000,27906,
15,HI,HAWAII,1990,241200000,28337,
15,HI,HAWAII,1991,249100000,29970,
15,HI,HAWAII,1992,251500000,30796,
15,HI,HAWAII,1993,275700000,31917,
15,HI,HAWAII,1994,273100000,32969,
15,HI,HAWAII,1995,282200000,33378,
15,HI,HAWAII,1996,242700000,32708,
15,HI,HAWAII,1997,280027000,30633,
15,HI,HAWAII,1998,280330000,29993,
15,HI,HAWAII,1999,252658000,32625,
15,HI,HAWAII,2000,280513000,32484,
15,HI,HAWAII,2001,267812000,31810,0
15,HI,HAWAII,2002,270527000,33063,0
15,HI,HAWAII,2003,302030048,34420,0
15,HI,HAWAII,2004,328445296,35441,0
15,HI,HAWAII,2005,334792180,35733,0
15,HI,HAWAII,2006,384013383,35337,0
15,HI,HAWAII,2007,426961535,35010,0
15,HI,HAWAII,2008,466408097,35469,0
15,HI,HAWAII,2009,501392119,37070,0
15,HI,HAWAII,2010,473803715,39857,32000000
15,HI,HAWAII,2011,435243076,40743,22000240
15,HI,HAWAII,2012,430742086,40883,0
15,HI,HAWAII,2013,438366446,41094,0
15,HI,HAWAII,2014,444736681,40436,0
15,HI,HAWAII,2015,483445410,39444,0
15,HI,HAWAII,2016,508722595,38414,0
15,HI,HAWAII,2017,565921439,36827,0
15,HI,HAWAII,2018,610529243,36030,0
15,HI,HAWAII,2019,674282906,35254,0
15,HI,HAWAII,2020,666028400,34736,4400000
15,HI,HAWAII,2021,704758300,34151,12460627
15,HI,HAWAII,2022,669920718,32620,32201825
15,HI,HAWAII,2023,765594480,31880,57531770
15,HI,HAWAII,2024,729820972,32695,132444
16,ID,IDAHO,1980,79400000,26647,
16,ID,IDAHO,1981,90000000,28373,
16,ID,IDAHO,1982,88600000,28720,
16,ID,IDAHO,1983,91900000,27252,
16,ID,IDAHO,1984,98100000,27034,
16,ID,IDAHO,1985,108600000,26110,
16,ID,IDAHO,1986,115800000,25452,
16,ID,IDAHO,1987,122900000,25252,
16,ID,IDAHO,1988,133600000,26406,
16,ID,IDAHO,1989,139500000,27701,
16,ID,IDAHO,1990,151900000,29459,
16,ID,IDAHO,1991,175100000,31281,
16,ID,IDAHO,1992,180900000,33259,
16,ID,IDAHO,1993,184500000,35022,
16,ID,IDAHO,1994,196100000,35574,
16,ID,IDAHO,1995,207057450,36333,
16,ID,IDAHO,1996,216761650,36694,
16,ID,IDAHO,1997,221955650,37183,
16,ID,IDAHO,1998,237392500,37252,
16,ID,IDAHO,1999,258443900,37937,
16,ID,IDAHO,2000,273092900,38853,
16,ID,IDAHO,2001,299412525,39495,0
16,ID,IDAHO,2002,334792625,41593,0
16,ID,IDAHO,2003,310538038,43104,0
16,ID,IDAHO,2004,313089354,45184,0
16,ID,IDAHO,2005,323142733,45024,0
16,ID,IDAHO,2006,334073061,44504,0
16,ID,IDAHO,2007,347911884,43378,0
16,ID,IDAHO,2008,381872662,43968,0
16,ID,IDAHO,2009,384974010,44705,0
16,ID,IDAHO,2010,354996631,49251,17683900
16,ID,IDAHO,2011,333534140,53201,4766900
16,ID,IDAHO,2012,321463022,58980,0
16,ID,IDAHO,2013,347809597,57837,0
16,ID,IDAHO,2014,361021399,56177,0
16,ID,IDAHO,2015,386325969,54102,0
16,ID,IDAHO,2016,400837091,52744,0
16,ID,IDAHO,2017,439232995,53116,0
16,ID,IDAHO,2018,458107893,53572,0
16,ID,IDAHO,2019,482420916,54421,0
16,ID,IDAHO,2020,499654187,55155,0
16,ID,IDAHO,2021,571027929,53699,65347735
16,ID,IDAHO,2022,526781770,53977,3590219
16,ID,IDAHO,2023,620460265,54261,59139805
16,ID,IDAHO,2024,626395197,55784,7868772
17,IL,ILLINOIS,1980,779400000,342097,
17,IL,ILLINOIS,1981,863800000,369824,
17,IL,ILLINOIS,1982,902800000,387811,
17,IL,ILLINOIS,1983,933600000,385343,
17,IL,ILLINOIS,1984,1042500000,363200,
17,IL,ILLINOIS,1985,1071800000,354119,
17,IL,ILLINOIS,1986,1181100000,345494,
17,IL,ILLINOIS,1987,1250400000,351214,
17,IL,ILLINOIS,1988,1216300000,348745,
17,IL,ILLINOIS,1989,1309000000,349643,
17,IL,ILLINOIS,1990,1530100000,357722,
17,IL,ILLINOIS,1991,1572000000,371187,
17,IL,ILLINOIS,1992,1555500000,383363,
17,IL,ILLINOIS,1993,1607900000,380093,
17,IL,ILLINOIS,1994,1678400000,368286,
17,IL,ILLINOIS,1995,1763400000,358892,
17,IL,ILLINOIS,1996,1854300000,355906,
17,IL,ILLINOIS,1997,1944000000,338802,
17,IL,ILLINOIS,1998,2086900000,341197,
17,IL,ILLINOIS,1999,2237100000,342542,
17,IL,ILLINOIS,2000,2525706453,324174,
17,IL,ILLINOIS,2001,2671997663,323876,0
17,IL,ILLINOIS,2002,2817631836,335188,0
17,IL,ILLINOIS,2003,2714920945,348182,0
17,IL,ILLINOIS,2004,2722475126,356961,0
17,IL,ILLINOIS,2005,2772216232,356798,0
17,IL,ILLINOIS,2006,2785774681,356491,0
17,IL,ILLINOIS,2007,2999170497,357931,0
17,IL,ILLINOIS,2008,3352227925,358679,0
17,IL,ILLINOIS,2009,3443330758,368019,0
17,IL,ILLINOIS,2010,3968199581,391926,93936400
17,IL,ILLINOIS,2011,3910979564,393313,0
17,IL,ILLINOIS,2012,4148226335,384615,0
17,IL,ILLINOIS,2013,4649177747,373403,0
17,IL,ILLINOIS,2014,4628969416,362508,0
17,IL,ILLINOIS,2015,4712267216,351917,0
17,IL,ILLINOIS,2016,3902818523,342422,0
17,IL,ILLINOIS,2017,4958931644,327545,0
17,IL,ILLINOIS,2018,4569200181,314565,0
17,IL,ILLINOIS,2019,4693562678,306967,0
17,IL,ILLINOIS,2020,4995348558,302722,0
17,IL,ILLINOIS,2021,5410658223,284130,56395935
17,IL,ILLINOIS,2022,5868984903,274295,27588700
17,IL,ILLINOIS,2023,5866784441,273214,26907149
17,IL,ILLINOIS,2024,6195947682,261644,22504302
18,IN,INDIANA,1980,329400000,142061,
18,IN,INDIANA,1981,368000000,153234,
18,IN,INDIANA,1982,381300000,155892,
18,IN,INDIANA,1983,380300000,157631,
18,IN,INDIANA,1984,417400000,157304,
18,IN,INDIANA,1985,451500000,152522,
18,IN,INDIANA,1986,501900000,151256,
18,IN,INDIANA,1987,547400000,151753,
18,IN,INDIANA,1988,585300000,155593,
18,IN,INDIANA,1989,627800000,161211,
18,IN,INDIANA,1990,678800000,167999,
18,IN,INDIANA,1991,723500000,171054,
18,IN,INDIANA,1992,745600000,177364,
18,IN,INDIANA,1993,738100000,181094,
18,IN,INDIANA,1994,754700000,178048,
18,IN,INDIANA,1995,764400000,173069,
18,IN,INDIANA,1996,803500000,172362,
18,IN,INDIANA,1997,848900000,174731,
18,IN,INDIANA,1998,897900000,178920,
18,IN,INDIANA,1999,951500000,183359,
18,IN,INDIANA,2000,1017621000,187551,
18,IN,INDIANA,2001,1061757000,193130,0
18,IN,INDIANA,2002,968807683,204002,0
18,IN,INDIANA,2003,1080376092,213728,0
18,IN,INDIANA,2004,1114488983,219021,0
18,IN,INDIANA,2005,1166947113,220359,0
18,IN,INDIANA,2006,1174418827,219944,0
18,IN,INDIANA,2007,1195491991,223483,0
18,IN,INDIANA,2008,1237416872,229251,0
18,IN,INDIANA,2009,1330199587,239873,44260193
18,IN,INDIANA,2010,1317912087,265758,33894065
18,IN,INDIANA,2011,1286297891,273322,0
18,IN,INDIANA,2012,1267430181,262545,0
18,IN,INDIANA,2013,1271690112,256331,0
18,IN,INDIANA,2014,1372423486,253337,0
18,IN,INDIANA,2015,1355941941,252802,0
18,IN,INDIANA,2016,1431900112,249925,0
18,IN,INDIANA,2017,1424748597,248664,0
18,IN,INDIANA,2018,1420035922,247678,0
18,IN,INDIANA,2019,1498728455,246300,0
18,IN,INDIANA,2020,1483456131,245224,0
18,IN,INDIANA,2021,1432042892,237621,12022585
18,IN,INDIANA,2022,1550760535,235412,34424739
18,IN,INDIANA,2023,1552429029,238175,3309108
18,IN,INDIANA,2024,1625607257,247945,3363915
19,IA,IOWA,1980,215500000,84210,
19,IA,IOWA,1981,248300000,90586,
19,IA,IOWA,1982,270200000,94316,
19,IA,IOWA,1983,307800000,96266,
19,IA,IOWA,1984,299500000,97758,
19,IA,IOWA,1985,325400000,94995,
19,IA,IOWA,1986,322300000,94599,
19,IA,IOWA,1987,343000000,94122,
19,IA,IOWA,1988,372200000,93876,
19,IA,IOWA,1989,401400000,96600,
19,IA,IOWA,1990,434100000,97989,
19,IA,IOWA,1991,480200000,100764,
19,IA,IOWA,1992,465000000,90078,
19,IA,IOWA,1993,500300000,89981,
19,IA,IOWA,1994,519200000,94188,
19,IA,IOWA,1995,533600000,93641,
19,IA,IOWA,1996,562900000,100434,
19,IA,IOWA,1997,585200000,95023,
19,IA,IOWA,1998,615287593,96706,
19,IA,IOWA,1999,643529829,101566,
19,IA,IOWA,2000,677617615,103390,
19,IA,IOWA,2001,706672754,105545,0
19,IA,IOWA,2002,651921501,110834,0
19,IA,IOWA,2003,653708676,115060,0
19,IA,IOWA,2004,618091623,117664,0
19,IA,IOWA,2005,621638579,117737,0
19,IA,IOWA,2006,652720724,112341,0
19,IA,IOWA,2007,678357011,112934,0
19,IA,IOWA,2008,732888698,115011,0
19,IA,IOWA,2009,767162750,117254,0
19,IA,IOWA,2010,747052457,127128,105880000
19,IA,IOWA,2011,648260049,132744,0
19,IA,IOWA,2012,633500718,132423,0
19,IA,IOWA,2013,683894842,129669,0
19,IA,IOWA,2014,715192428,127407,0
19,IA,IOWA,2015,742434582,124883,0
19,IA,IOWA,2016,698230854,132748,0
19,IA,IOWA,2017,679169655,132505,0
19,IA,IOWA,2018,675702076,131609,0
19,IA,IOWA,2019,685165512,129387,0
19,IA,IOWA,2020,719559495,125433,0
19,IA,IOWA,2021,723159451,118606,8795836
19,IA,IOWA,2022,739276618,115604,6748825
19,IA,IOWA,2023,751236587,115113,4166000
19,IA,IOWA,2024,759611402,116188,0
20,KS,KANSAS,1980,206300000,87216,
20,KS,KANSAS,1981,232400000,89991,
20,KS,KANSAS,1982,241600000,90814,
20,KS,KANSAS,1983,248900000,91735,
20,KS,KANSAS,1984,256400000,91689,
20,KS,KANSAS,1985,293400000,91022,
20,KS,KANSAS,1986,313700000,90246,
20,KS,KANSAS,1987,299300000,92617,
20,KS,KANSAS,1988,329800000,94748,
20,KS,KANSAS,1989,367900000,98843,
20,KS,KANSAS,1990,396600000,102656,
20,KS,KANSAS,1991,411400000,104681,
20,KS,KANSAS,1992,418900000,107093,
20,KS,KANSAS,1993,440200000,108476,
20,KS,KANSAS,1994,460300000,107521,
20,KS,KANSAS,1995,485900000,106334,
20,KS,KANSAS,1996,496900000,105827,
20,KS,KANSAS,1997,502100000,100292,
20,KS,KANSAS,1998,531700000,100435,
20,KS,KANSAS,1999,562400000,105020,
20,KS,KANSAS,2000,609300864,99430,
20,KS,KANSAS,2001,647711318,100476,0
20,KS,KANSAS,2002,671538049,104341,0
20,KS,KANSAS,2003,628022524,109045,0
20,KS,KANSAS,2004,654808166,110243,0
20,KS,KANSAS,2005,698560363,111948,0
20,KS,KANSAS,2006,739285617,127645,0
20,KS,KANSAS,2007,756810166,127245,0
20,KS,KANSAS,2008,793132532,127940,0
20,KS,KANSAS,2009,796440957,130930,9599299
20,KS,KANSAS,2010,785116448,138240,40000000
20,KS,KANSAS,2011,784227321,141031,40423534
20,KS,KANSAS,2012,754504492,141354,0
20,KS,KANSAS,2013,793332707,140182,0
20,KS,KANSAS,2014,784700743,138310,0
20,KS,KANSAS,2015,805723514,137035,0
20,KS,KANSAS,2016,777626330,135366,0
20,KS,KANSAS,2017,787739972,134716,0
20,KS,KANSAS,2018,810107667,133815,0
20,KS,KANSAS,2019,868053598,132253,0
20,KS,KANSAS,2020,903674582,129622,0
20,KS,KANSAS,2021,1017559746,123169,110394895
20,KS,KANSAS,2022,986729090,119978,0
20,KS,KANSAS,2023,1083691136,118924,10000000
20,KS,KANSAS,2024,1227892804,121103,5559850
21,KY,KENTUCKY,1980,215600000,89389,
21,KY,KENTUCKY,1981,220500000,93863,
21,KY,KENTUCKY,1982,233000000,93790,
21,KY,KENTUCKY,1983,260200000,93637,
21,KY,KENTUCKY,1984,282800000,91516,
21,KY,KENTUCKY,1985,292000000,88359,
21,KY,KENTUCKY,1986,309400000,87225,
21,KY,KENTUCKY,1987,328600000,90483,
21,KY,KENTUCKY,1988,351700000,95408,
21,KY,KENTUCKY,1989,368500000,101157,
21,KY,KENTUCKY,1990,384500000,108245,
21,KY,KENTUCKY,1991,429200000,114792,
21,KY,KENTUCKY,1992,437700000,129791,
21,KY,KENTUCKY,1993,411800000,121414,
21,KY,KENTUCKY,1994,425700000,119818,
21,KY,KENTUCKY,1995,448400000,117386,
21,KY,KENTUCKY,1996,440700000,115839,
21,KY,KENTUCKY,1997,564800000,114390,
21,KY,KENTUCKY,1998,619700000,113583,
21,KY,KENTUCKY,1999,735300000,114359,
21,KY,KENTUCKY,2000,765353300,113568,
21,KY,KENTUCKY,2001,837216200,119500,0
21,KY,KENTUCKY,2002,915401500,131313,0
21,KY,KENTUCKY,2003,891845865,141005,0
21,KY,KENTUCKY,2004,900194300,140056,0
21,KY,KENTUCKY,2005,842477700,140579,0
21,KY,KENTUCKY,2006,953017869,140769,0
21,KY,KENTUCKY,2007,990093000,140621,0
21,KY,KENTUCKY,2008,1073720800,142382,0
21,KY,KENTUCKY,2009,1034213300,144641,0
21,KY,KENTUCKY,2010,1040926278,154247,70000000
21,KY,KENTUCKY,2011,1011144800,159806,57272600
21,KY,KENTUCKY,2012,967328400,159306,0
21,KY,KENTUCKY,2013,941574900,155479,0
21,KY,KENTUCKY,2014,947049500,154713,0
21,KY,KENTUCKY,2015,945871200,152954,0
21,KY,KENTUCKY,2016,910067500,149314,0
21,KY,KENTUCKY,2017,931654800,147168,0
21,KY,KENTUCKY,2018,944735100,144509,0
21,KY,KENTUCKY,2019,928818100,142003,0
21,KY,KENTUCKY,2020,950294500,140429,0
21,KY,KENTUCKY,2021,990911608,137518,49762026
21,KY,KENTUCKY,2022,1061819722,133629,4450233
21,KY,KENTUCKY,2023,1205614664,135356,34020889
21,KY,KENTUCKY,2024,1238322008,139663,30964063
22,LA,LOUISIANA,1980,237100000,106686,
22,LA,LOUISIANA,1981,284000000,110043,
22,LA,LOUISIANA,1982,328300000,115702,
22,LA,LOUISIANA,1983,346800000,119225,
22,LA,LOUISIANA,1984,349800000,122965,
22,LA,LOUISIANA,1985,390600000,123664,
22,LA,LOUISIANA,1986,380600000,123065,
22,LA,LOUISIANA,1987,313000000,118300,
22,LA,LOUISIANA,1988,322900000,119878,
22,LA,LOUISIANA,1989,316200000,120034,
22,LA,LOUISIANA,1990,343500000,120323,
22,LA,LOUISIANA,1991,381800000,125712,
22,LA,LOUISIANA,1992,429800000,132910,
22,LA,LOUISIANA,1993,418600000,136554,
22,LA,LOUISIANA,1994,444700000,134990,
22,LA,LOUISIANA,1995,420700000,135884,
22,LA,LOUISIANA,1996,433400000,136188,
22,LA,LOUISIANA,1997,495500000,136135,
22,LA,LOUISIANA,1998,545300000,137610,
22,LA,LOUISIANA,1999,758242597,169864,
22,LA,LOUISIANA,2000,785439755,170175,
22,LA,LOUISIANA,2001,789252289,168121,0
22,LA,LOUISIANA,2002,892170826,172092,0
22,LA,LOUISIANA,2003,935828023,177275,0
22,LA,LOUISIANA,2004,925480367,183276,0
22,LA,LOUISIANA,2005,953707888,183409,0
22,LA,LOUISIANA,2006,953377039,166536,0
22,LA,LOUISIANA,2007,1106675165,166671,0
22,LA,LOUISIANA,2008,1175380410,165155,0
22,LA,LOUISIANA,2009,1146326038,169602,0
22,LA,LOUISIANA,2010,1174964909,178931,189700000
22,LA,LOUISIANA,2011,1267862139,183633,289592480
22,LA,LOUISIANA,2012,936655401,181590,0
22,LA,LOUISIANA,2013,864031760,174552,0
22,LA,LOUISIANA,2014,845140930,168001,0
22,LA,LOUISIANA,2015,852046487,165329,0
22,LA,LOUISIANA,2016,847813204,167897,0
22,LA,LOUISIANA,2017,780920974,160057,0
22,LA,LOUISIANA,2018,860841440,161670,0
22,LA,LOUISIANA,2019,896726306,163932,0
22,LA,LOUISIANA,2020,923861850,165145,15705633
22,LA,LOUISIANA,2021,932312264,163735,100041483
22,LA,LOUISIANA,2022,1037027169,158195,16808745
22,LA,LOUISIANA,2023,1110277756,159036,6877384
22,LA,LOUISIANA,2024,1272443618,164921,1916078
23,ME,MAINE,1980,50500000,26250,
23,ME,MAINE,1981,55200000,26650,
23,ME,MAINE,1982,59900000,26700,
23,ME,MAINE,1983,65500000,26500,
23,ME,MAINE,1984,68700000,26500,
23,ME,MAINE,1985,82300000,26250,
23,ME,MAINE,1986,90800000,25850,
23,ME,MAINE,1987,113500000,25900,
23,ME,MAINE,1988,128100000,26300,
23,ME,MAINE,1989,147400000,27800,
23,ME,MAINE,1990,158500000,28716,
23,ME,MAINE,1991,153300000,29554,
23,ME,MAINE,1992,154900000,29979,
23,ME,MAINE,1993,155200000,29722,
23,ME,MAINE,1994,157300000,28212,
23,ME,MAINE,1995,158600000,27433,
23,ME,MAINE,1996,161700000,26834,
23,ME,MAINE,1997,165000000,27154,
23,ME,MAINE,1998,169589146,26913,
23,ME,MAINE,1999,176303545,27640,
23,ME,MAINE,2000,183682170,28910,
23,ME,MAINE,2001,198847419,29287,0
23,ME,MAINE,2002,208327822,30560,0
23,ME,MAINE,2003,205381523,32736,0
23,ME,MAINE,2004,203660424,34516,0
23,ME,MAINE,2005,210730082,35167,0
23,ME,MAINE,2006,212865995,35235,0
23,ME,MAINE,2007,223824045,35514,0
23,ME,MAINE,2008,237352133,35533,0
23,ME,MAINE,2009,235615934,35968,6566113
23,ME,MAINE,2010,236575416,37517,10556853
23,ME,MAINE,2011,244113075,38284,10578070
23,ME,MAINE,2012,238370180,37897,1731508
23,ME,MAINE,2013,232804173,37342,0
23,ME,MAINE,2014,238458459,36577,0
23,ME,MAINE,2015,243092649,35445,0
23,ME,MAINE,2016,246888861,34604,0
23,ME,MAINE,2017,262550705,34287,0
23,ME,MAINE,2018,263883709,33945,0
23,ME,MAINE,2019,268134280,33947,0
23,ME,MAINE,2020,278722119,34005,0
23,ME,MAINE,2021,288753113,32864,9303444
23,ME,MAINE,2022,301227629,32111,8761183
23,ME,MAINE,2023,344451020,32293,12863067
23,ME,MAINE,2024,362601721,33806,8360892
24,MD,MARYLAND,1980,297700000,133228,
24,MD,MARYLAND,1981,327500000,134769,
24,MD,MARYLAND,1982,343100000,138254,
24,MD,MARYLAND,1983,381900000,141311,
24,MD,MARYLAND,1984,391900000,144646,
24,MD,MARYLAND,1985,439400000,144874,
24,MD,MARYLAND,1986,473700000,144691,
24,MD,MARYLAND,1987,499500000,145579,
24,MD,MARYLAND,1988,533400000,149700,
24,MD,MARYLAND,1989,613900000,153055,
24,MD,MARYLAND,1990,696000000,155488,
24,MD,MARYLAND,1991,684700000,166686,
24,MD,MARYLAND,1992,617900000,155929,
24,MD,MARYLAND,1993,649000000,154175,
24,MD,MARYLAND,1994,653300000,152255,
24,MD,MARYLAND,1995,693000000,151813,
24,MD,MARYLAND,1996,714100000,151303,
24,MD,MARYLAND,1997,736700000,157929,
24,MD,MARYLAND,1998,773800000,161140,
24,MD,MARYLAND,1999,777662451,164225,
24,MD,MARYLAND,2000,872638069,167438,
24,MD,MARYLAND,2001,1255251377,175085,0
24,MD,MARYLAND,2002,1276324694,174136,0
24,MD,MARYLAND,2003,1178107377,168261,0
24,MD,MARYLAND,2004,1133678255,165502,0
24,MD,MARYLAND,2005,1175634849,196626,0
24,MD,MARYLAND,2006,1237913156,192614,0
24,MD,MARYLAND,2007,1472786224,197966,0
24,MD,MARYLAND,2008,1569011572,207255,0
24,MD,MARYLAND,2009,1641311367,231079,0
24,MD,MARYLAND,2010,1660420682,231189,0
24,MD,MARYLAND,2011,1613594000,238742,0
24,MD,MARYLAND,2012,1618746129,242955,0
24,MD,MARYLAND,2013,1616149776,238814,0
24,MD,MARYLAND,2014,1724853392,232935,0
24,MD,MARYLAND,2015,1810536605,233208,0
24,MD,MARYLAND,2016,1902962149,234124,0
24,MD,MARYLAND,2017,2005144948,232963,0
24,MD,MARYLAND,2018,2043429002,231761,0
24,MD,MARYLAND,2019,2137173966,229243,0
24,MD,MARYLAND,2020,2306717692,221418,40708517
24,MD,MARYLAND,2021,2337361954,217333,63496224
24,MD,MARYLAND,2022,2403146420,216383,0
24,MD,MARYLAND,2023,2882759906,215482,0
24,MD,MARYLAND,2024,3209110186,221493,0
25,MA,MASSACHUSETTS,1980,317800000,122952,
25,MA,MASSACHUSETTS,1981,325200000,128268,
25,MA,MASSACHUSETTS,1982,344100000,127374,
25,MA,MASSACHUSETTS,1983,366100000,124638,
25,MA,MASSACHUSETTS,1984,398000000,123000,
25,MA,MASSACHUSETTS,1985,474900000,122612,
25,MA,MASSACHUSETTS,1986,533400000,123484,
25,MA,MASSACHUSETTS,1987,620000000,124550,
25,MA,MASSACHUSETTS,1988,688700000,125620,
25,MA,MASSACHUSETTS,1989,658600000,124045,
25,MA,MASSACHUSETTS,1990,646200000,122586,
25,MA,MASSACHUSETTS,1991,575400000,121414,
25,MA,MASSACHUSETTS,1992,493400000,118885,
25,MA,MASSACHUSETTS,1993,573000000,121045,
25,MA,MASSACHUSETTS,1994,630900000,120049,
25,MA,MASSACHUSETTS,1995,668700000,118622,
25,MA,MASSACHUSETTS,1996,707500000,115252,
25,MA,MASSACHUSETTS,1997,766400000,114327,
25,MA,MASSACHUSETTS,1998,825900000,114154,
25,MA,MASSACHUSETTS,1999,889900000,117299,
25,MA,MASSACHUSETTS,2000,974800000,118949,
25,MA,MASSACHUSETTS,2001,1069989063,128404,0
25,MA,MASSACHUSETTS,2002,980055691,133875,0
25,MA,MASSACHUSETTS,2003,951190355,137045,0
25,MA,MASSACHUSETTS,2004,847333321,137279,0
25,MA,MASSACHUSETTS,2005,966865652,137677,0
25,MA,MASSACHUSETTS,2006,1071141063,139874,0
25,MA,MASSACHUSETTS,2007,1176223601,143565,0
25,MA,MASSACHUSETTS,2008,1264134100,148288,0
25,MA,MASSACHUSETTS,2009,1159615567,155387,53759414
25,MA,MASSACHUSETTS,2010,1134027749,165244,230270707
25,MA,MASSACHUSETTS,2011,1137124193,168671,76053721
25,MA,MASSACHUSETTS,2012,1121562136,170221,6841643
25,MA,MASSACHUSETTS,2013,1171537382,171974,0
25,MA,MASSACHUSETTS,2014,1258601808,172573,0
25,MA,MASSACHUSETTS,2015,1380605097,170703,0
25,MA,MASSACHUSETTS,2016,1409154410,169189,0
25,MA,MASSACHUSETTS,2017,1448636789,165736,0
25,MA,MASSACHUSETTS,2018,1521946705,163673,0
25,MA,MASSACHUSETTS,2019,1564719415,160327,0
25,MA,MASSACHUSETTS,2020,1641666364,157447,0
25,MA,MASSACHUSETTS,2021,1730635750,145913,19405376
25,MA,MASSACHUSETTS,2022,1786084541,142397,777675
25,MA,MASSACHUSETTS,2023,2055888444,131258,0
25,MA,MASSACHUSETTS,2024,2416802478,137084,0
26,MI,MICHIGAN,1980,740400000,318166,
26,MI,MICHIGAN,1981,698900000,328483,
26,MI,MICHIGAN,1982,854900000,327077,
26,MI,MICHIGAN,1983,790000000,320195,
26,MI,MICHIGAN,1984,826700000,327278,
26,MI,MICHIGAN,1985,971300000,314096,
26,MI,MICHIGAN,1986,1096000000,303390,
26,MI,MICHIGAN,1987,1168800000,310220,
26,MI,MICHIGAN,1988,1208500000,318057,
26,MI,MICHIGAN,1989,1293600000,324999,
26,MI,MICHIGAN,1990,1381500000,327164,
26,MI,MICHIGAN,1991,1402700000,334443,
26,MI,MICHIGAN,1992,1478400000,340230,
26,MI,MICHIGAN,1993,1497800000,340379,
26,MI,MICHIGAN,1994,1531400000,327690,
26,MI,MICHIGAN,1995,1582700000,317572,
26,MI,MICHIGAN,1996,1673700000,312658,
26,MI,MICHIGAN,1997,1760100000,311327,
26,MI,MICHIGAN,1998,1828100000,320533,
26,MI,MICHIGAN,1999,1912600000,325134,
26,MI,MICHIGAN,2000,2097300000,327342,
26,MI,MICHIGAN,2001,2274300000,333584,0
26,MI,MICHIGAN,2002,2380700000,350261,0
26,MI,MICHIGAN,2003,2302509613,352290,0
26,MI,MICHIGAN,2004,2176260500,368600,0
26,MI,MICHIGAN,2005,2173181000,371950,0
26,MI,MICHIGAN,2006,2259473450,378034,0
26,MI,MICHIGAN,2007,2311949281,384455,0
26,MI,MICHIGAN,2008,2347849381,395019,0
26,MI,MICHIGAN,2009,2362134970,409270,0
26,MI,MICHIGAN,2010,2292354481,434490,68238000
26,MI,MICHIGAN,2011,2188689401,435592,0
26,MI,MICHIGAN,2012,1893141017,423785,0
26,MI,MICHIGAN,2013,1972366981,411770,0
26,MI,MICHIGAN,2014,2052012444,400859,0
26,MI,MICHIGAN,2015,2166620989,390047,0
26,MI,MICHIGAN,2016,2208811068,380128,0
26,MI,MICHIGAN,2017,2254640838,378402,0
26,MI,MICHIGAN,2018,2289035981,372155,0
26,MI,MICHIGAN,2019,2342001323,366318,0
26,MI,MICHIGAN,2020,2389020888,357224,200000000
26,MI,MICHIGAN,2021,2567599815,343478,24000000
26,MI,MICHIGAN,2022,2925218240,332067,0
26,MI,MICHIGAN,2023,2952292103,325185,151200000
26,MI,MICHIGAN,2024,3281549588,332245,15000000
27,MN,MINNESOTA,1980,396200000,149418,
27,MN,MINNESOTA,1981,405600000,159470,
27,MN,MINNESOTA,1982,460700000,162921,
27,MN,MINNESOTA,1983,455700000,159976,
27,MN,MINNESOTA,1984,494900000,157823,
27,MN,MINNESOTA,1985,525100000,152723,
27,MN,MINNESOTA,1986,574400000,156203,
27,MN,MINNESOTA,1987,648900000,161556,
27,MN,MINNESOTA,1988,670600000,164368,
27,MN,MINNESOTA,1989,716800000,169423,
27,MN,MINNESOTA,1990,768500000,177032,
27,MN,MINNESOTA,1991,798400000,179644,
27,MN,MINNESOTA,1992,795100000,175191,
27,MN,MINNESOTA,1993,796300000,173835,
27,MN,MINNESOTA,1994,792200000,170649,
27,MN,MINNESOTA,1995,835800000,167537,
27,MN,MINNESOTA,1996,862400000,161031,
27,MN,MINNESOTA,1997,922800000,156851,
27,MN,MINNESOTA,1998,996100000,156973,
27,MN,MINNESOTA,1999,1092900000,154175,
27,MN,MINNESOTA,2000,1109866000,161383,
27,MN,MINNESOTA,2001,1073680226,167238,0
27,MN,MINNESOTA,2002,1142058263,171287,0
27,MN,MINNESOTA,2003,1060563000,185452,0
27,MN,MINNESOTA,2004,1056311000,189848,0
27,MN,MINNESOTA,2005,1044511000,190087,0
27,MN,MINNESOTA,2006,1116384000,189009,0
27,MN,MINNESOTA,2007,1145995000,191456,0
27,MN,MINNESOTA,2008,1300087000,196014,0
27,MN,MINNESOTA,2009,1289567532,200732,30546000
27,MN,MINNESOTA,2010,1306341577,215009,137943000
27,MN,MINNESOTA,2011,1140802239,214342,0
27,MN,MINNESOTA,2012,1047169194,214653,0
27,MN,MINNESOTA,2013,1031597004,210332,0
27,MN,MINNESOTA,2014,1133505098,203523,0
27,MN,MINNESOTA,2015,1183919022,198328,0
27,MN,MINNESOTA,2016,1276135428,193197,0
27,MN,MINNESOTA,2017,1286903883,189951,0
27,MN,MINNESOTA,2018,1382146326,187705,0
27,MN,MINNESOTA,2019,1349947820,184367,0
27,MN,MINNESOTA,2020,1511752958,180442,93361184
27,MN,MINNESOTA,2021,1942297706,171312,520237277
27,MN,MINNESOTA,2022,1506749623,162546,35000000
27,MN,MINNESOTA,2023,1480048027,159023,0
27,MN,MINNESOTA,2024,1756616029,161710,0
28,MS,MISSISSIPPI,1980,166700000,85292,
28,MS,MISSISSIPPI,1981,183000000,85165,
28,MS,MISSISSIPPI,1982,194000000,90754,
28,MS,MISSISSIPPI,1983,205100000,90839,
28,MS,MISSISSIPPI,1984,232100000,91013,
28,MS,MISSISSIPPI,1985,238000000,91153,
28,MS,MISSISSIPPI,1986,235700000,93703,
28,MS,MISSISSIPPI,1987,227400000,84715,
28,MS,MISSISSIPPI,1988,239100000,83406,
28,MS,MISSISSIPPI,1989,282500000,84499,
28,MS,MISSISSIPPI,1990,293100000,97721,
28,MS,MISSISSIPPI,1991,288700000,95513,
28,MS,MISSISSIPPI,1992,279500000,96515,
28,MS,MISSISSIPPI,1993,301800000,99058,
28,MS,MISSISSIPPI,1994,319100000,101068,
28,MS,MISSISSIPPI,1995,424700000,100786,
28,MS,MISSISSIPPI,1996,458700000,101584,
28,MS,MISSISSIPPI,1997,466300000,96350,
28,MS,MISSISSIPPI,1998,499802000,99503,
28,MS,MISSISSIPPI,1999,542026000,103507,
28,MS,MISSISSIPPI,2000,618094623,100634,
28,MS,MISSISSIPPI,2001,582858999,102490,0
28,MS,MISSISSIPPI,2002,553488176,107110,0
28,MS,MISSISSIPPI,2003,561219754,111650,0
28,MS,MISSISSIPPI,2004,575014496,115613,0
28,MS,MISSISSIPPI,2005,580161459,118060,0
28,MS,MISSISSIPPI,2006,594890222,117731,0
28,MS,MISSISSIPPI,2007,657647588,115739,0
28,MS,MISSISSIPPI,2008,766657270,117673,0
28,MS,MISSISSIPPI,2009,717213318,121046,0
28,MS,MISSISSIPPI,2010,796774018,132222,63446024
28,MS,MISSISSIPPI,2011,754990090,138999,86198888
28,MS,MISSISSIPPI,2012,694142103,138031,0
28,MS,MISSISSIPPI,2013,700799740,132259,0
28,MS,MISSISSIPPI,2014,727455690,134694,0
28,MS,MISSISSIPPI,2015,763002600,133910,0
28,MS,MISSISSIPPI,2016,786466626,132692,0
28,MS,MISSISSIPPI,2017,776209817,134538,0
28,MS,MISSISSIPPI,2018,696444920,133630,0
28,MS,MISSISSIPPI,2019,700218827,132999,0
28,MS,MISSISSIPPI,2020,732646529,130891,0
28,MS,MISSISSIPPI,2021,858323996,125260,169088285
28,MS,MISSISSIPPI,2022,763641486,122586,8499946
28,MS,MISSISSIPPI,2023,900903266,120495,6000000
28,MS,MISSISSIPPI,2024,927339156,121925,0
29,MO,MISSOURI,1980,283000000,120468,
29,MO,MISSOURI,1981,312800000,130240,
29,MO,MISSOURI,1982,300900000,134973,
29,MO,MISSOURI,1983,315100000,134852,
29,MO,MISSOURI,1984,323500000,134278,
29,MO,MISSOURI,1985,353000000,128545,
29,MO,MISSOURI,1986,422200000,126222,
29,MO,MISSOURI,1987,419700000,127802,
29,MO,MISSOURI,1988,461800000,128890,
29,MO,MISSOURI,1989,496900000,138906,
29,MO,MISSOURI,1990,545000000,146683,
29,MO,MISSOURI,1991,559500000,154247,
29,MO,MISSOURI,1992,529100000,150971,
29,MO,MISSOURI,1993,561300000,155436,
29,MO,MISSOURI,1994,587700000,149800,
29,MO,MISSOURI,1995,640200000,146776,
29,MO,MISSOURI,1996,699600000,146566,
29,MO,MISSOURI,1997,792300000,146221,
29,MO,MISSOURI,1998,865400000,148155,
29,MO,MISSOURI,1999,946400000,151121,
29,MO,MISSOURI,2000,1002689270,154631,
29,MO,MISSOURI,2001,1052465926,156588,0
29,MO,MISSOURI,2002,928402986,163408,0
29,MO,MISSOURI,2003,943946518,166014,0
29,MO,MISSOURI,2004,967730455,167742,0
29,MO,MISSOURI,2005,991538020,158958,0
29,MO,MISSOURI,2006,997826662,160918,0
29,MO,MISSOURI,2007,1058317439,163354,0
29,MO,MISSOURI,2008,1081989828,164160,0
29,MO,MISSOURI,2009,1163886139,177751,0
29,MO,MISSOURI,2010,1153079258,191608,104786639
29,MO,MISSOURI,2011,1086937580,197890,41442153
29,MO,MISSOURI,2012,1029725715,196360,0
29,MO,MISSOURI,2013,1024095544,196659,0
29,MO,MISSOURI,2014,1042226798,196831,0
29,MO,MISSOURI,2015,1135526336,186936,0
29,MO,MISSOURI,2016,1143841736,192781,0
29,MO,MISSOURI,2017,1111284184,195255,0
29,MO,MISSOURI,2018,1104610760,186862,0
29,MO,MISSOURI,2019,1119669934,182499,0
29,MO,MISSOURI,2020,1194499910,163408,0
29,MO,MISSOURI,2021,1334955246,156493,159212823
29,MO,MISSOURI,2022,1293115491,136953,7528779
29,MO,MISSOURI,2023,1164588326,143401,7199042
29,MO,MISSOURI,2024,1259359471,144901,16836949
30,MT,MONTANA,1980,53300000,25452,
30,MT,MONTANA,1981,58500000,27137,
30,MT,MONTANA,1982,73900000,28071,
30,MT,MONTANA,1983,84800000,29042,
30,MT,MONTANA,1984,92200000,29288,
30,MT,MONTANA,1985,95500000,28333,
30,MT,MONTANA,1986,94500000,27840,
30,MT,MONTANA,1987,90000000,26965,
30,MT,MONTANA,1988,92700000,25918,
30,MT,MONTANA,1989,92800000,26585,
30,MT,MONTANA,1990,97300000,27471,
30,MT,MONTANA,1991,103300000,28054,
30,MT,MONTANA,1992,116000000,28666,
30,MT,MONTANA,1993,108900000,29310,
30,MT,MONTANA,1994,106200000,29700,
30,MT,MONTANA,1995,114700000,32088,
30,MT,MONTANA,1996,113700000,32370,
30,MT,MONTANA,1997,117200000,33105,
30,MT,MONTANA,1998,117400000,33431,
30,MT,MONTANA,1999,120300000,33545,
30,MT,MONTANA,2000,126156875,33578,
30,MT,MONTANA,2001,129894938,33660,0
30,MT,MONTANA,2002,136484282,34333,0
30,MT,MONTANA,2003,130219422,34975,0
30,MT,MONTANA,2004,134628751,35785,0
30,MT,MONTANA,2005,135608365,35259,0
30,MT,MONTANA,2006,154359669,35429,0
30,MT,MONTANA,2007,151654935,35293,0
30,MT,MONTANA,2008,175634257,35556,0
30,MT,MONTANA,2009,185055743,36388,0
30,MT,MONTANA,2010,189023770,38909,37982860
30,MT,MONTANA,2011,190837778,40961,37166593
30,MT,MONTANA,2012,182494506,40847,0
30,MT,MONTANA,2013,182151670,40169,0
30,MT,MONTANA,2014,200974746,39484,0
30,MT,MONTANA,2015,212858912,38732,0
30,MT,MONTANA,2016,216177416,37952,0
30,MT,MONTANA,2017,219527060,38078,0
30,MT,MONTANA,2018,212698545,37374,0
30,MT,MONTANA,2019,215798132,36375,0
30,MT,MONTANA,2020,229482698,35252,126218
30,MT,MONTANA,2021,272616404,33459,38055819
30,MT,MONTANA,2022,237629005,33685,179482
30,MT,MONTANA,2023,252626156,33811,0
30,MT,MONTANA,2024,266373906,34503,1584898
31,NE,NEBRASKA,1980,124500000,56360,
31,NE,NEBRASKA,1981,139500000,59389,
31,NE,NEBRASKA,1982,152100000,61200,
31,NE,NEBRASKA,1983,155400000,61603,
31,NE,NEBRASKA,1984,163100000,61143,
31,NE,NEBRASKA,1985,169600000,60972,
31,NE,NEBRASKA,1986,167800000,61399,
31,NE,NEBRASKA,1987,171800000,61297,
31,NE,NEBRASKA,1988,182300000,61658,
31,NE,NEBRASKA,1989,198900000,62403,
31,NE,NEBRASKA,1990,231900000,64502,
31,NE,NEBRASKA,1991,254800000,65881,
31,NE,NEBRASKA,1992,259300000,68032,
31,NE,NEBRASKA,1993,278800000,69631,
31,NE,NEBRASKA,1994,287300000,68401,
31,NE,NEBRASKA,1995,298400000,67240,
31,NE,NEBRASKA,1996,310400000,66490,
31,NE,NEBRASKA,1997,312400000,64423,
31,NE,NEBRASKA,1998,326800000,64441,
31,NE,NEBRASKA,1999,352200000,64583,
31,NE,NEBRASKA,2000,334100000,64860,
31,NE,NEBRASKA,2001,345400000,65725,0
31,NE,NEBRASKA,2002,388200000,67683,0
31,NE,NEBRASKA,2003,401179848,68672,0
31,NE,NEBRASKA,2004,388446196,71310,0
31,NE,NEBRASKA,2005,423214265,71932,0
31,NE,NEBRASKA,2006,505795071,72622,0
31,NE,NEBRASKA,2007,543741074,73940,0
31,NE,NEBRASKA,2008,549130683,75451,0
31,NE,NEBRASKA,2009,598766080,77825,0
31,NE,NEBRASKA,2010,606340562,83206,0
31,NE,NEBRASKA,2011,619676438,84384,0
31,NE,NEBRASKA,2012,577768631,83861,0
31,NE,NEBRASKA,2013,603440273,81270,0
31,NE,NEBRASKA,2014,630605782,79662,0
31,NE,NEBRASKA,2015,671207932,78469,0
31,NE,NEBRASKA,2016,704653297,76442,0
31,NE,NEBRASKA,2017,713002989,76899,0
31,NE,NEBRASKA,2018,711365976,76792,0
31,NE,NEBRASKA,2019,725418024,75940,0
31,NE,NEBRASKA,2020,754485784,73833,0
31,NE,NEBRASKA,2021,791928293,72564,7696531
31,NE,NEBRASKA,2022,836401832,71335,11219444
31,NE,NEBRASKA,2023,885266787,71228,32650000
31,NE,NEBRASKA,2024,908218046,72625,350000
32,NV,NEVADA,1980,50800000,19367,
32,NV,NEVADA,1981,54100000,21022,
32,NV,NEVADA,1982,57900000,21797,
32,NV,NEVADA,1983,60400000,23227,
32,NV,NEVADA,1984,63800000,22747,
32,NV,NEVADA,1985,67500000,22403,
32,NV,NEVADA,1986,81500000,21282,
32,NV,NEVADA,1987,88500000,22155,
32,NV,NEVADA,1988,98300000,23875,
32,NV,NEVADA,1989,106300000,25734,
32,NV,NEVADA,1990,127400000,28085,
32,NV,NEVADA,1991,142100000,30620,
32,NV,NEVADA,1992,168800000,33544,
32,NV,NEVADA,1993,183600000,35131,
32,NV,NEVADA,1994,171100000,34672,
32,NV,NEVADA,1995,172700000,34903,
32,NV,NEVADA,1996,199900000,36584,
32,NV,NEVADA,1997,214400000,39601,
32,NV,NEVADA,1998,267419694,42013,
32,NV,NEVADA,1999,264256424,44199,
32,NV,NEVADA,2000,279839062,46809,
32,NV,NEVADA,2001,316152222,48107,0
32,NV,NEVADA,2002,351418808,49953,0
32,NV,NEVADA,2003,365185687,54037,0
32,NV,NEVADA,2004,489251064,57219,0
32,NV,NEVADA,2005,526989996,59746,0
32,NV,NEVADA,2006,570898736,60948,0
32,NV,NEVADA,2007,585634843,61323,0
32,NV,NEVADA,2008,604631107,63324,0
32,NV,NEVADA,2009,619119454,65665,0
32,NV,NEVADA,2010,580701757,68799,184778622
32,NV,NEVADA,2011,554483475,69169,0
32,NV,NEVADA,2012,480522512,65238,0
32,NV,NEVADA,2013,489881866,65917,0
32,NV,NEVADA,2014,504748085,64497,0
32,NV,NEVADA,2015,507878372,73583,0
32,NV,NEVADA,2016,556162772,74451,0
32,NV,NEVADA,2017,574597763,74913,0
32,NV,NEVADA,2018,631695793,76109,0
32,NV,NEVADA,2019,647794309,76424,0
32,NV,NEVADA,2020,704021666,78164,29972380
32,NV,NEVADA,2021,569478108,75873,0
32,NV,NEVADA,2022,679008623,74078,34724571
32,NV,NEVADA,2023,710595208,73956,46492349
32,NV,NEVADA,2024,844086256,68891,4273804
33,NH,NEW HAMPSHIRE,1980,28400000,19415,
33,NH,NEW HAMPSHIRE,1981,31500000,19803,
33,NH,NEW HAMPSHIRE,1982,37800000,20714,
33,NH,NEW HAMPSHIRE,1983,33700000,20634,
33,NH,NEW HAMPSHIRE,1984,38500000,20902,
33,NH,NEW HAMPSHIRE,1985,39800000,21441,
33,NH,NEW HAMPSHIRE,1986,47200000,20674,
33,NH,NEW HAMPSHIRE,1987,52700000,21385,
33,NH,NEW HAMPSHIRE,1988,62500000,23874,
33,NH,NEW HAMPSHIRE,1989,68400000,24590,
33,NH,NEW HAMPSHIRE,1990,66000000,26486,
33,NH,NEW HAMPSHIRE,1991,70000000,26160,
33,NH,NEW HAMPSHIRE,1992,71400000,27612,
33,NH,NEW HAMPSHIRE,1993,70300000,28432,
33,NH,NEW HAMPSHIRE,1994,76000000,28719,
33,NH,NEW HAMPSHIRE,1995,80700000,28432,
33,NH,NEW HAMPSHIRE,1996,78800000,27863,
33,NH,NEW HAMPSHIRE,1997,84700000,27863,
33,NH,NEW HAMPSHIRE,1998,84700000,27027,
33,NH,NEW HAMPSHIRE,1999,87600000,27018,
33,NH,NEW HAMPSHIRE,2000,96300000,28862,
33,NH,NEW HAMPSHIRE,2001,102544191,26506,0
33,NH,NEW HAMPSHIRE,2002,90178226,27455,0
33,NH,NEW HAMPSHIRE,2003,93334203,28068,0
33,NH,NEW HAMPSHIRE,2004,99055727,30495,0
33,NH,NEW HAMPSHIRE,2005,101796786,30885,0
33,NH,NEW HAMPSHIRE,2006,103083613,31720,0
33,NH,NEW HAMPSHIRE,2007,108139652,32092,0
33,NH,NEW HAMPSHIRE,2008,116929188,32982,0
33,NH,NEW HAMPSHIRE,2009,121736762,34311,0
33,NH,NEW HAMPSHIRE,2010,127897496,39171,5727959
33,NH,NEW HAMPSHIRE,2011,121140173,39036,0
33,NH,NEW HAMPSHIRE,2012,71728980,39099,0
33,NH,NEW HAMPSHIRE,2013,73983294,39224,0
33,NH,NEW HAMPSHIRE,2014,97360942,36988,0
33,NH,NEW HAMPSHIRE,2015,154610675,38398,0
33,NH,NEW HAMPSHIRE,2016,114252195,38414,0
33,NH,NEW HAMPSHIRE,2017,114618722,38156,0
33,NH,NEW HAMPSHIRE,2018,118316735,37643,0
33,NH,NEW HAMPSHIRE,2019,119546738,36353,0
33,NH,NEW HAMPSHIRE,2020,139449772,34695,5249581
33,NH,NEW HAMPSHIRE,2021,175732358,32348,40216913
33,NH,NEW HAMPSHIRE,2022,141188026,30874,4694749
33,NH,NEW HAMPSHIRE,2023,142141198,30009,3428232
33,NH,NEW HAMPSHIRE,2024,164589664,29891,2941291
34,NJ,NEW JERSEY,1980,407100000,171390,
34,NJ,NEW JERSEY,1981,436400000,172559,
34,NJ,NEW JERSEY,1982,484700000,171609,
34,NJ,NEW JERSEY,1983,508200000,168663,
34,NJ,NEW JERSEY,1984,556500000,164310,
34,NJ,NEW JERSEY,1985,627400000,162606,
34,NJ,NEW JERSEY,1986,711000000,159488,
34,NJ,NEW JERSEY,1987,764600000,156944,
34,NJ,NEW JERSEY,1988,842900000,156634,
34,NJ,NEW JERSEY,1989,919000000,161135,
34,NJ,NEW JERSEY,1990,940100000,169482,
34,NJ,NEW JERSEY,1991,988431588,164366,
34,NJ,NEW JERSEY,1992,1050867926,170066,
34,NJ,NEW JERSEY,1993,1100657624,170534,
34,NJ,NEW JERSEY,1994,1178815538,167375,
34,NJ,NEW JERSEY,1995,1162933035,167778,
34,NJ,NEW JERSEY,1996,1225434700,165748,
34,NJ,NEW JERSEY,1997,1221128076,164684,
34,NJ,NEW JERSEY,1998,1287566408,166289,
34,NJ,NEW JERSEY,1999,1343940668,169192,
34,NJ,NEW JERSEY,2000,1241215153,171563,
34,NJ,NEW JERSEY,2001,1369876032,178671,0
34,NJ,NEW JERSEY,2002,1447189250,188839,0
34,NJ,NEW JERSEY,2003,1442331543,194846,0
34,NJ,NEW JERSEY,2004,1555722770,201756,0
34,NJ,NEW JERSEY,2005,1927126234,226969,0
34,NJ,NEW JERSEY,2006,1976491422,228080,0
34,NJ,NEW JERSEY,2007,1952907895,229968,0
34,NJ,NEW JERSEY,2008,2116824700,238040,0
34,NJ,NEW JERSEY,2009,2084713341,246215,0
34,NJ,NEW JERSEY,2010,2262639162,268066,73670000
34,NJ,NEW JERSEY,2011,2073551894,277147,0
34,NJ,NEW JERSEY,2012,1944208673,278868,0
34,NJ,NEW JERSEY,2013,2034086000,276052,0
34,NJ,NEW JERSEY,2014,2111173681,274341,0
34,NJ,NEW JERSEY,2015,2111699127,270053,0
34,NJ,NEW JERSEY,2016,2121803574,268296,0
34,NJ,NEW JERSEY,2017,2086434927,268944,0
34,NJ,NEW JERSEY,2018,2073983000,267251,0
34,NJ,NEW JERSEY,2019,2056048000,265086,0
34,NJ,NEW JERSEY,2020,2421897413,264467,294066711
34,NJ,NEW JERSEY,2021,1941167874,254877,29930743
34,NJ,NEW JERSEY,2022,2435702000,241106,0
34,NJ,NEW JERSEY,2023,2645143000,242280,0
34,NJ,NEW JERSEY,2024,2910914000,248055,2000000
35,NM,NEW MEXICO,1980,127800000,48268,
35,NM,NEW MEXICO,1981,153100000,50357,
35,NM,NEW MEXICO,1982,175600000,52209,
35,NM,NEW MEXICO,1983,192700000,54058,
35,NM,NEW MEXICO,1984,196400000,54628,
35,NM,NEW MEXICO,1985,221400000,53979,
35,NM,NEW MEXICO,1986,229300000,54242,
35,NM,NEW MEXICO,1987,235400000,55030,
35,NM,NEW MEXICO,1988,249500000,56334,
35,NM,NEW MEXICO,1989,261000000,59249,
35,NM,NEW MEXICO,1990,285600000,60707,
35,NM,NEW MEXICO,1991,319600000,63068,
35,NM,NEW MEXICO,1992,335200000,66788,
35,NM,NEW MEXICO,1993,349600000,68746,
35,NM,NEW MEXICO,1994,376000000,71081,
35,NM,NEW MEXICO,1995,414500000,68571,
35,NM,NEW MEXICO,1996,441900000,70940,
35,NM,NEW MEXICO,1997,392800000,62808,
35,NM,NEW MEXICO,1998,390100000,67591,
35,NM,NEW MEXICO,1999,479500000,72092,
35,NM,NEW MEXICO,2000,549460600,67277,
35,NM,NEW MEXICO,2001,429157400,66847,0
35,NM,NEW MEXICO,2002,474880500,68579,0
35,NM,NEW MEXICO,2003,605012764,75847,0
35,NM,NEW MEXICO,2004,648126296,79634,0
35,NM,NEW MEXICO,2005,657265521,79219,0
35,NM,NEW MEXICO,2006,734141885,79645,0
35,NM,NEW MEXICO,2007,735718918,83224,0
35,NM,NEW MEXICO,2008,814814127,85203,0
35,NM,NEW MEXICO,2009,749231392,89450,0
35,NM,NEW MEXICO,2010,744076764,98709,15538400
35,NM,NEW MEXICO,2011,740452908,92078,11887500
35,NM,NEW MEXICO,2012,784704857,97719,0
35,NM,NEW MEXICO,2013,818696960,101239,0
35,NM,NEW MEXICO,2014,841360779,98630,0
35,NM,NEW MEXICO,2015,951588794,96110,0
35,NM,NEW MEXICO,2016,960722026,93379,0
35,NM,NEW MEXICO,2017,918441070,89020,0
35,NM,NEW MEXICO,2018,888980765,80902,0
35,NM,NEW MEXICO,2019,942079761,77040,0
35,NM,NEW MEXICO,2020,1176348524,70090,172294240
35,NM,NEW MEXICO,2021,1007833318,65855,3792365
35,NM,NEW MEXICO,2022,1163636957,70189,440904
35,NM,NEW MEXICO,2023,1494204277,73111,78360000
35,NM,NEW MEXICO,2024,1375441685,73343,101002000
36,NY,NEW YORK,1980,1265400000,418679,
36,NY,NEW YORK,1981,1355100000,431841,
36,NY,NEW YORK,1982,1511300000,435249,
36,NY,NEW YORK,1983,1622800000,435011,
36,NY,NEW YORK,1984,1722500000,430135,
36,NY,NEW YORK,1985,1889800000,421316,
36,NY,NEW YORK,1986,1999600000,414252,
36,NY,NEW YORK,1987,2238900000,413336,
36,NY,NEW YORK,1988,2338200000,407495,
36,NY,NEW YORK,1989,2497600000,419894,
36,NY,NEW YORK,1990,2437100000,430784,
36,NY,NEW YORK,1991,2308200000,437920,
36,NY,NEW YORK,1992,2309600000,435353,
36,NY,NEW YORK,1993,2281900000,440713,
36,NY,NEW YORK,1994,2399300000,442730,
36,NY,NEW YORK,1995,2507800000,443289,
36,NY,NEW YORK,1996,2234700000,431677,
36,NY,NEW YORK,1997,2233000000,425953,
36,NY,NEW YORK,1998,2272400000,436396,
36,NY,NEW YORK,1999,3946359460,444092,
36,NY,NEW YORK,2000,3577263820,422431,
36,NY,NEW YORK,2001,3068933559,449959,0
36,NY,NEW YORK,2002,3199188362,463185,0
36,NY,NEW YORK,2003,3350309581,483417,0
36,NY,NEW YORK,2004,3139200270,489756,0
36,NY,NEW YORK,2005,3532718221,498039,0
36,NY,NEW YORK,2006,3861589772,500659,0
36,NY,NEW YORK,2007,4317699971,508911,0
36,NY,NEW YORK,2008,4632609166,526539,0
36,NY,NEW YORK,2009,4987199144,549718,0
36,NY,NEW YORK,2010,4955468129,572378,154834665
36,NY,NEW YORK,2011,5150253314,578830,281943267
36,NY,NEW YORK,2012,4777758328,576389,14349474
36,NY,NEW YORK,2013,5031618093,571693,0
36,NY,NEW YORK,2014,5255893404,568654,0
36,NY,NEW YORK,2015,5649869548,566620,0
36,NY,NEW YORK,2016,5763758810,556311,0
36,NY,NEW YORK,2017,6006112632,549948,0
36,NY,NEW YORK,2018,6330614158,547033,0
36,NY,NEW YORK,2019,6561421325,537979,0
36,NY,NEW YORK,2020,6614725659,525589,0
36,NY,NEW YORK,2021,6244972775,494691,0
36,NY,NEW YORK,2022,6362098970,455844,0
36,NY,NEW YORK,2023,6780272685,446341,0
36,NY,NEW YORK,2024,7328993225,456600,0
37,NC,NORTH CAROLINA,1980,397500000,165642,
37,NC,NORTH CAROLINA,1981,452000000,174900,
37,NC,NORTH CAROLINA,1982,506200000,180471,
37,NC,NORTH CAROLINA,1983,542700000,185485,
37,NC,NORTH CAROLINA,1984,571900000,194188,
37,NC,NORTH CAROLINA,1985,749700000,189698,
37,NC,NORTH CAROLINA,1986,849400000,195875,
37,NC,NORTH CAROLINA,1987,919500000,197847,
37,NC,NORTH CAROLINA,1988,987000000,198805,
37,NC,NORTH CAROLINA,1989,1042600000,205167,
37,NC,NORTH CAROLINA,1990,1107000000,214812,
37,NC,NORTH CAROLINA,1991,1153800000,224499,
37,NC,NORTH CAROLINA,1992,1100100000,235194,
37,NC,NORTH CAROLINA,1993,1224300000,240045,
37,NC,NORTH CAROLINA,1994,1300600000,239428,
37,NC,NORTH CAROLINA,1995,1385400000,239043,
37,NC,NORTH CAROLINA,1996,1403500000,239319,
37,NC,NORTH CAROLINA,1997,1519900000,239115,
37,NC,NORTH CAROLINA,1998,1652200000,241175,
37,NC,NORTH CAROLINA,1999,1775000000,254045,
37,NC,NORTH CAROLINA,2000,1866285000,261971,
37,NC,NORTH CAROLINA,2001,1974391000,266217,0
37,NC,NORTH CAROLINA,2002,2019063000,286494,0
37,NC,NORTH CAROLINA,2003,2083221446,302159,0
37,NC,NORTH CAROLINA,2004,2111270000,315159,0
37,NC,NORTH CAROLINA,2005,2288178220,339034,0
37,NC,NORTH CAROLINA,2006,2547245407,338644,0
37,NC,NORTH CAROLINA,2007,2904811761,344056,0
37,NC,NORTH CAROLINA,2008,3200333453,357601,0
37,NC,NORTH CAROLINA,2009,3086261807,385792,126962971
37,NC,NORTH CAROLINA,2010,3162931419,420956,137815944
37,NC,NORTH CAROLINA,2011,3195585568,425779,119220719
37,NC,NORTH CAROLINA,2012,3079049751,412349,0
37,NC,NORTH CAROLINA,2013,3245780450,410622,0
37,NC,NORTH CAROLINA,2014,3143949342,402199,0
37,NC,NORTH CAROLINA,2015,3178773183,391990,0
37,NC,NORTH CAROLINA,2016,3333192958,388322,0
37,NC,NORTH CAROLINA,2017,3433682958,389604,0
37,NC,NORTH CAROLINA,2018,3539135502,392138,0
37,NC,NORTH CAROLINA,2019,3721952721,393922,0
37,NC,NORTH CAROLINA,2020,3772420700,403093,367069
37,NC,NORTH CAROLINA,2021,3855462919,392374,86228235
37,NC,NORTH CAROLINA,2022,4270601638,390900,53860854
37,NC,NORTH CAROLINA,2023,4499636958,393774,39748299
37,NC,NORTH CAROLINA,2024,4834471016,409585,29633533
38,ND,NORTH DAKOTA,1980,60300000,26735,
38,ND,NORTH DAKOTA,1981,66500000,27811,
38,ND,NORTH DAKOTA,1982,82900000,29369,
38,ND,NORTH DAKOTA,1983,82600000,29930,
38,ND,NORTH DAKOTA,1984,82500000,31585,
38,ND,NORTH DAKOTA,1985,87400000,31109,
38,ND,NORTH DAKOTA,1986,94000000,31136,
38,ND,NORTH DAKOTA,1987,95500000,30380,
38,ND,NORTH DAKOTA,1988,90900000,30159,
38,ND,NORTH DAKOTA,1989,87100000,31072,
38,ND,NORTH DAKOTA,1990,100900000,32160,
38,ND,NORTH DAKOTA,1991,105600000,28391,
38,ND,NORTH DAKOTA,1992,121500000,31157,
38,ND,NORTH DAKOTA,1993,120100000,31470,
38,ND,NORTH DAKOTA,1994,118800000,30562,
38,ND,NORTH DAKOTA,1995,115700000,30007,
38,ND,NORTH DAKOTA,1996,122700000,30721,
38,ND,NORTH DAKOTA,1997,120500000,30917,
38,ND,NORTH DAKOTA,1998,136800000,29759,
38,ND,NORTH DAKOTA,1999,137700000,29673,
38,ND,NORTH DAKOTA,2000,144886199,30259,
38,ND,NORTH DAKOTA,2001,146163091,31922,0
38,ND,NORTH DAKOTA,2002,158443695,33249,0
38,ND,NORTH DAKOTA,2003,161136356,34667,0
38,ND,NORTH DAKOTA,2004,157299405,35322,0
38,ND,NORTH DAKOTA,2005,158351818,34629,0
38,ND,NORTH DAKOTA,2006,168051720,34302,0
38,ND,NORTH DAKOTA,2007,168815828,33905,0
38,ND,NORTH DAKOTA,2008,199540127,34955,0
38,ND,NORTH DAKOTA,2009,199526401,36408,0
38,ND,NORTH DAKOTA,2010,246221389,37716,0
38,ND,NORTH DAKOTA,2011,245106187,37915,0
38,ND,NORTH DAKOTA,2012,268857422,37503,0
38,ND,NORTH DAKOTA,2013,268221027,37122,0
38,ND,NORTH DAKOTA,2014,321066294,36927,0
38,ND,NORTH DAKOTA,2015,319008712,36801,0
38,ND,NORTH DAKOTA,2016,307456844,36165,0
38,ND,NORTH DAKOTA,2017,320519347,35743,0
38,ND,NORTH DAKOTA,2018,275443042,34969,0
38,ND,NORTH DAKOTA,2019,275771197,33781,0
38,ND,NORTH DAKOTA,2020,285870235,32660,0
38,ND,NORTH DAKOTA,2021,289394311,31900,3968787
38,ND,NORTH DAKOTA,2022,293678445,31822,475000
38,ND,NORTH DAKOTA,2023,293153433,32160,0
38,ND,NORTH DAKOTA,2024,357527334,33418,0
39,OH,OHIO,1980,562300000,291000,
39,OH,OHIO,1981,604200000,303300,
39,OH,OHIO,1982,618900000,322800,
39,OH,OHIO,1983,633600000,313600,
39,OH,OHIO,1984,740000000,320300,
39,OH,OHIO,1985,811100000,309100,
39,OH,OHIO,1986,918300000,307095,
39,OH,OHIO,1987,994400000,298678,
39,OH,OHIO,1988,1045100000,302175,
39,OH,OHIO,1989,1098400000,310651,
39,OH,OHIO,1990,1196900000,320836,
39,OH,OHIO,1991,1247400000,330967,
39,OH,OHIO,1992,1212200000,341131,
39,OH,OHIO,1993,1172400000,342439,
39,OH,OHIO,1994,1251400000,337189,
39,OH,OHIO,1995,1330600000,330256,
39,OH,OHIO,1996,1415800000,325169,
39,OH,OHIO,1997,1579807800,322933,
39,OH,OHIO,1998,1654795600,322011,
39,OH,OHIO,1999,1707415188,328875,
39,OH,OHIO,2000,1812210347,332947,
39,OH,OHIO,2001,1870854853,337379,0
39,OH,OHIO,2002,1777471519,353571,0
39,OH,OHIO,2003,1766677465,352538,0
39,OH,OHIO,2004,1788553863,360835,0
39,OH,OHIO,2005,1805693629,381073,0
39,OH,OHIO,2006,1853436113,363598,0
39,OH,OHIO,2007,1878781805,366629,0
39,OH,OHIO,2008,1957897599,375932,0
39,OH,OHIO,2009,2122764595,391546,0
39,OH,OHIO,2010,2041142065,447494,281022236
39,OH,OHIO,2011,2063931205,460747,287802662
39,OH,OHIO,2012,1806077800,423509,0
39,OH,OHIO,2013,1716432811,400796,0
39,OH,OHIO,2014,1781993027,401856,0
39,OH,OHIO,2015,2016596371,393845,0
39,OH,OHIO,2016,2121992112,388777,0
39,OH,OHIO,2017,2185397000,390840,0
39,OH,OHIO,2018,2205620345,387109,0
39,OH,OHIO,2019,2200542911,386451,0
39,OH,OHIO,2020,2187142919,385027,0
39,OH,OHIO,2021,2507169585,374222,307713818
39,OH,OHIO,2022,2339302677,368517,25171615
39,OH,OHIO,2023,2352862641,349053,10246567
39,OH,OHIO,2024,2460170191,341812,0
40,OK,OKLAHOMA,1980,194100000,96476,
40,OK,OKLAHOMA,1981,234500000,100947,
40,OK,OKLAHOMA,1982,291400000,101627,
40,OK,OKLAHOMA,1983,363100000,104915,
40,OK,OKLAHOMA,1984,326400000,106054,
40,OK,OKLAHOMA,1985,333300000,100506,
40,OK,OKLAHOMA,1986,393300000,100875,
40,OK,OKLAHOMA,1987,356400000,102072,
40,OK,OKLAHOMA,1988,370900000,102960,
40,OK,OKLAHOMA,1989,382900000,103550,
40,OK,OKLAHOMA,1990,412100000,102878,
40,OK,OKLAHOMA,1991,451500000,105690,
40,OK,OKLAHOMA,1992,492600000,108110,
40,OK,OKLAHOMA,1993,508200000,114122,
40,OK,OKLAHOMA,1994,493800000,115463,
40,OK,OKLAHOMA,1995,488300000,114477,
40,OK,OKLAHOMA,1996,493300000,111385,
40,OK,OKLAHOMA,1997,631000000,117625,
40,OK,OKLAHOMA,1998,632000000,118153,
40,OK,OKLAHOMA,1999,655300000,120495,
40,OK,OKLAHOMA,2000,644738609,119115,
40,OK,OKLAHOMA,2001,711600707,121111,0
40,OK,OKLAHOMA,2002,695362676,128530,0
40,OK,OKLAHOMA,2003,717165439,128005,0
40,OK,OKLAHOMA,2004,649905672,133393,0
40,OK,OKLAHOMA,2005,665030172,136424,0
40,OK,OKLAHOMA,2006,760831024,134940,0
40,OK,OKLAHOMA,2007,883899579,132093,0
40,OK,OKLAHOMA,2008,939894248,131191,0
40,OK,OKLAHOMA,2009,919962504,127058,0
40,OK,OKLAHOMA,2010,1025733154,142024,68792477
40,OK,OKLAHOMA,2011,989201580,150171,59794986
40,OK,OKLAHOMA,2012,899583438,146518,0
40,OK,OKLAHOMA,2013,900660141,144138,0
40,OK,OKLAHOMA,2014,911964117,145401,0
40,OK,OKLAHOMA,2015,916061457,136311,0
40,OK,OKLAHOMA,2016,866370784,134960,0
40,OK,OKLAHOMA,2017,823390352,133682,0
40,OK,OKLAHOMA,2018,795723583,131083,0
40,OK,OKLAHOMA,2019,812392203,128845,0
40,OK,OKLAHOMA,2020,840447142,126370,7000000
40,OK,OKLAHOMA,2021,799266053,123954,0
40,OK,OKLAHOMA,2022,839084409,120966,0
40,OK,OKLAHOMA,2023,900890008,119478,0
40,OK,OKLAHOMA,2024,1035781343,123283,5000000
41,OR,OREGON,1980,209800000,96946,
41,OR,OREGON,1981,206600000,100604,
41,OR,OREGON,1982,239200000,99365,
41,OR,OREGON,1983,228000000,96198,
41,OR,OREGON,1984,270600000,93452,
41,OR,OREGON,1985,283500000,90175,
41,OR,OREGON,1986,310600000,91040,
41,OR,OREGON,1987,328300000,93073,
41,OR,OREGON,1988,354900000,94549,
41,OR,OREGON,1989,373800000,98481,
41,OR,OREGON,1990,395800000,98848,
41,OR,OREGON,1991,434300000,102078,
41,OR,OREGON,1992,435000000,102327,
41,OR,OREGON,1993,454300000,102662,
41,OR,OREGON,1994,432900000,97471,
41,OR,OREGON,1995,446900000,95522,
41,OR,OREGON,1996,433200000,99726,
41,OR,OREGON,1997,455100000,99039,
41,OR,OREGON,1998,479500000,102238,
41,OR,OREGON,1999,510900000,103875,
41,OR,OREGON,2000,538687411,105870,
41,OR,OREGON,2001,621415435,111006,0
41,OR,OREGON,2002,618216195,120210,0
41,OR,OREGON,2003,621450676,125808,0
41,OR,OREGON,2004,580250397,126970,0
41,OR,OREGON,2005,585327041,127059,0
41,OR,OREGON,2006,627965206,126443,0
41,OR,OREGON,2007,651230190,125113,0
41,OR,OREGON,2008,730241245,129626,0
41,OR,OREGON,2009,757808781,141532,55636352
41,OR,OREGON,2010,750914309,160037,47645677
41,OR,OREGON,2011,744008392,168374,23177977
41,OR,OREGON,2012,665132639,165094,0
41,OR,OREGON,2013,673525369,160939,0
41,OR,OREGON,2014,734877844,155418,0
41,OR,OREGON,2015,682660550,155725,0
41,OR,OREGON,2016,781368060,151544,0
41,OR,OREGON,2017,828496801,150305,0
41,OR,OREGON,2018,862458905,148139,0
41,OR,OREGON,2019,912242989,144290,0
41,OR,OREGON,2020,991039481,137801,0
41,OR,OREGON,2021,1057250868,128349,10000000
41,OR,OREGON,2022,1141689092,122910,7658700
41,OR,OREGON,2023,1175232812,123725,0
41,OR,OREGON,2024,1246694803,128457,0
42,PA,PENNSYLVANIA,1980,628200000,243296,
42,PA,PENNSYLVANIA,1981,633300000,246924,
42,PA,PENNSYLVANIA,1982,711400000,254222,
42,PA,PENNSYLVANIA,1983,754400000,259935,
42,PA,PENNSYLVANIA,1984,783800000,256292,
42,PA,PENNSYLVANIA,1985,848500000,258935,
42,PA,PENNSYLVANIA,1986,924000000,250991,
42,PA,PENNSYLVANIA,1987,960200000,253788,
42,PA,PENNSYLVANIA,1988,1008100000,262082,
42,PA,PENNSYLVANIA,1989,1080800000,270447,
42,PA,PENNSYLVANIA,1990,1152300000,279477,
42,PA,PENNSYLVANIA,1991,1247900000,286086,
42,PA,PENNSYLVANIA,1992,1274700000,295895,
42,PA,PENNSYLVANIA,1993,1268600000,299061,
42,PA,PENNSYLVANIA,1994,1314700000,291148,
42,PA,PENNSYLVANIA,1995,1363200000,277229,
42,PA,PENNSYLVANIA,1996,1409200000,278700,
42,PA,PENNSYLVANIA,1997,1412400000,272803,
42,PA,PENNSYLVANIA,1998,1479000000,277287,
42,PA,PENNSYLVANIA,1999,1594700000,280175,
42,PA,PENNSYLVANIA,2000,1689177000,280594,
42,PA,PENNSYLVANIA,2001,1780225000,288334,0
42,PA,PENNSYLVANIA,2002,1789220000,293742,0
42,PA,PENNSYLVANIA,2003,1777141000,315591,0
42,PA,PENNSYLVANIA,2004,1727868000,322665,0
42,PA,PENNSYLVANIA,2005,1801230000,326675,0
42,PA,PENNSYLVANIA,2006,1852236000,327235,0
42,PA,PENNSYLVANIA,2007,1953020886,337425,0
42,PA,PENNSYLVANIA,2008,1995616254,343043,0
42,PA,PENNSYLVANIA,2009,2021014023,353494,62852000
42,PA,PENNSYLVANIA,2010,1817641215,371286,96403000
42,PA,PENNSYLVANIA,2011,1781185674,374997,96379000
42,PA,PENNSYLVANIA,2012,1450554050,369046,0
42,PA,PENNSYLVANIA,2013,1440341869,364468,0
42,PA,PENNSYLVANIA,2014,1454107052,358693,0
42,PA,PENNSYLVANIA,2015,1492362030,354891,0
42,PA,PENNSYLVANIA,2016,1470788978,350435,0
42,PA,PENNSYLVANIA,2017,1528122928,350919,0
42,PA,PENNSYLVANIA,2018,1556724350,346930,0
42,PA,PENNSYLVANIA,2019,1649380403,331664,0
42,PA,PENNSYLVANIA,2020,1812716512,329025,162817000
42,PA,PENNSYLVANIA,2021,1863142793,313004,183268000
42,PA,PENNSYLVANIA,2022,1778737969,298847,98010280
42,PA,PENNSYLVANIA,2023,2061553350,289324,194853000
42,PA,PENNSYLVANIA,2024,1949278692,289408,0
44,RI,RHODE ISLAND,1980,72700000,23237,
44,RI,RHODE ISLAND,1981,78100000,24117,
44,RI,RHODE ISLAND,1982,81800000,24622,
44,RI,RHODE ISLAND,1983,88400000,23481,
44,RI,RHODE ISLAND,1984,92900000,23831,
44,RI,RHODE ISLAND,1985,99200000,22831,
44,RI,RHODE ISLAND,1986,105100000,22591,
44,RI,RHODE ISLAND,1987,105800000,22999,
44,RI,RHODE ISLAND,1988,113400000,23999,
44,RI,RHODE ISLAND,1989,122500000,25468,
44,RI,RHODE ISLAND,1990,124800000,26668,
44,RI,RHODE ISLAND,1991,112000000,27874,
44,RI,RHODE ISLAND,1992,103000000,28450,
44,RI,RHODE ISLAND,1993,104800000,28351,
44,RI,RHODE ISLAND,1994,109000000,26735,
44,RI,RHODE ISLAND,1995,115500000,25843,
44,RI,RHODE ISLAND,1996,118000000,25117,
44,RI,RHODE ISLAND,1997,123700000,24774,
44,RI,RHODE ISLAND,1998,129200000,24730,
44,RI,RHODE ISLAND,1999,138100000,24785,
44,RI,RHODE ISLAND,2000,152100000,25402,
44,RI,RHODE ISLAND,2001,165943600,25622,0
44,RI,RHODE ISLAND,2002,177472666,26677,0
44,RI,RHODE ISLAND,2003,172546294,26887,0
44,RI,RHODE ISLAND,2004,177104304,29134,0
44,RI,RHODE ISLAND,2005,180417154,28677,0
44,RI,RHODE ISLAND,2006,185472885,28475,0
44,RI,RHODE ISLAND,2007,189391902,29642,0
44,RI,RHODE ISLAND,2008,183391185,30839,0
44,RI,RHODE ISLAND,2009,183391185,31527,0
44,RI,RHODE ISLAND,2010,153104074,33023,859007
44,RI,RHODE ISLAND,2011,158443823,33062,7176272
44,RI,RHODE ISLAND,2012,175683425,33550,20036870
44,RI,RHODE ISLAND,2013,156563306,33042,0
44,RI,RHODE ISLAND,2014,161089305,32781,0
44,RI,RHODE ISLAND,2015,169164644,32687,0
44,RI,RHODE ISLAND,2016,179611840,32063,0
44,RI,RHODE ISLAND,2017,186771160,31569,0
44,RI,RHODE ISLAND,2018,197561132,32270,0
44,RI,RHODE ISLAND,2019,195062908,31978,0
44,RI,RHODE ISLAND,2020,191816731,32220,0
44,RI,RHODE ISLAND,2021,227580398,30487,28252278
44,RI,RHODE ISLAND,2022,223697387,28741,3426701
44,RI,RHODE ISLAND,2023,229404102,28491,1787018
44,RI,RHODE ISLAND,2024,265274758,29193,2984146
45,SC,SOUTH CAROLINA,1980,231400000,95600,
45,SC,SOUTH CAROLINA,1981,250900000,99113,
45,SC,SOUTH CAROLINA,1982,247700000,99522,
45,SC,SOUTH CAROLINA,1983,253200000,100659,
45,SC,SOUTH CAROLINA,1984,279200000,97611,
45,SC,SOUTH CAROLINA,1985,327600000,96763,
45,SC,SOUTH CAROLINA,1986,339400000,99092,
45,SC,SOUTH CAROLINA,1987,362400000,99877,
45,SC,SOUTH CAROLINA,1988,374000000,102793,
45,SC,SOUTH CAROLINA,1989,409900000,108158,
45,SC,SOUTH CAROLINA,1990,417900000,103083,
45,SC,SOUTH CAROLINA,1991,455100000,105570,
45,SC,SOUTH CAROLINA,1992,439100000,111964,
45,SC,SOUTH CAROLINA,1993,452000000,118794,
45,SC,SOUTH CAROLINA,1994,462600000,126891,
45,SC,SOUTH CAROLINA,1995,484500000,126479,
45,SC,SOUTH CAROLINA,1996,490800000,123261,
45,SC,SOUTH CAROLINA,1997,524300000,125382,
45,SC,SOUTH CAROLINA,1998,552200000,127873,
45,SC,SOUTH CAROLINA,1999,578200000,130936,
45,SC,SOUTH CAROLINA,2000,596584845,127337,
45,SC,SOUTH CAROLINA,2001,656912202,132404,0
45,SC,SOUTH CAROLINA,2002,600616839,136300,0
45,SC,SOUTH CAROLINA,2003,808071197,137267,0
45,SC,SOUTH CAROLINA,2004,718001377,143071,0
45,SC,SOUTH CAROLINA,2005,759742915,142567,0
45,SC,SOUTH CAROLINA,2006,825503123,144401,0
45,SC,SOUTH CAROLINA,2007,883319864,145859,0
45,SC,SOUTH CAROLINA,2008,946066836,149541,0
45,SC,SOUTH CAROLINA,2009,800034137,157467,0
45,SC,SOUTH CAROLINA,2010,834588060,171727,103286779
45,SC,SOUTH CAROLINA,2011,768243986,172375,113757660
45,SC,SOUTH CAROLINA,2012,719317577,173448,0
45,SC,SOUTH CAROLINA,2013,764222416,178240,0
45,SC,SOUTH CAROLINA,2014,765135314,174816,0
45,SC,SOUTH CAROLINA,2015,821537004,174643,0
45,SC,SOUTH CAROLINA,2016,873794368,171202,0
45,SC,SOUTH CAROLINA,2017,932644027,167414,0
45,SC,SOUTH CAROLINA,2018,933049641,164402,0
45,SC,SOUTH CAROLINA,2019,954601254,166740,0
45,SC,SOUTH CAROLINA,2020,1063120559,168719,0
45,SC,SOUTH CAROLINA,2021,1211671408,164276,170484973
45,SC,SOUTH CAROLINA,2022,1139050415,166231,21093241
45,SC,SOUTH CAROLINA,2023,1240847506,170214,0
45,SC,SOUTH CAROLINA,2024,1536937339,175188,0
46,SD,SOUTH DAKOTA,1980,41500000,18623,
46,SD,SOUTH DAKOTA,1981,40600000,19738,
46,SD,SOUTH DAKOTA,1982,45700000,20701,
46,SD,SOUTH DAKOTA,1983,44500000,20673,
46,SD,SOUTH DAKOTA,1984,44400000,20289,
46,SD,SOUTH DAKOTA,1985,46500000,19311,
46,SD,SOUTH DAKOTA,1986,52300000,18102,
46,SD,SOUTH DAKOTA,1987,54200000,17751,
46,SD,SOUTH DAKOTA,1988,53500000,17761,
46,SD,SOUTH DAKOTA,1989,56900000,18227,
46,SD,SOUTH DAKOTA,1990,61600000,19108,
46,SD,SOUTH DAKOTA,1991,65900000,20062,
46,SD,SOUTH DAKOTA,1992,70000000,20952,
46,SD,SOUTH DAKOTA,1993,53600000,21890,
46,SD,SOUTH DAKOTA,1994,77800000,22917,
46,SD,SOUTH DAKOTA,1995,78900000,22765,
46,SD,SOUTH DAKOTA,1996,84600000,22101,
46,SD,SOUTH DAKOTA,1997,87700000,21375,
46,SD,SOUTH DAKOTA,1998,88400000,20564,
46,SD,SOUTH DAKOTA,1999,92300000,20476,
46,SD,SOUTH DAKOTA,2000,107871165,22056,
46,SD,SOUTH DAKOTA,2001,97225003,22064,0
46,SD,SOUTH DAKOTA,2002,102999284,22573,0
46,SD,SOUTH DAKOTA,2003,119541520,28232,0
46,SD,SOUTH DAKOTA,2004,123316596,28154,0
46,SD,SOUTH DAKOTA,2005,129426920,28523,0
46,SD,SOUTH DAKOTA,2006,130177449,29254,0
46,SD,SOUTH DAKOTA,2007,142237076,29231,0
46,SD,SOUTH DAKOTA,2008,160252581,29595,0
46,SD,SOUTH DAKOTA,2009,158925695,31026,10262056
46,SD,SOUTH DAKOTA,2010,160824726,32324,11474935
46,SD,SOUTH DAKOTA,2011,160511768,33313,11365508
46,SD,SOUTH DAKOTA,2012,145782491,33540,0
46,SD,SOUTH DAKOTA,2013,157146708,32945,0
46,SD,SOUTH DAKOTA,2014,164564265,33659,0
46,SD,SOUTH DAKOTA,2015,174533370,33938,0
46,SD,SOUTH DAKOTA,2016,174770003,33674,0
46,SD,SOUTH DAKOTA,2017,191925628,32295,0
46,SD,SOUTH DAKOTA,2018,187475265,32899,0
46,SD,SOUTH DAKOTA,2019,196592804,32816,0
46,SD,SOUTH DAKOTA,2020,225470436,31962,9202075
46,SD,SOUTH DAKOTA,2021,223108991,31957,7027838
46,SD,SOUTH DAKOTA,2022,220471114,30645,19127
46,SD,SOUTH DAKOTA,2023,269001789,30736,0
46,SD,SOUTH DAKOTA,2024,284151287,31182,0
47,TN,TENNESSEE,1980,254700000,124022,
47,TN,TENNESSEE,1981,258500000,123796,
47,TN,TENNESSEE,1982,281000000,121408,
47,TN,TENNESSEE,1983,294900000,123790,
47,TN,TENNESSEE,1984,306900000,122405,
47,TN,TENNESSEE,1985,394100000,121932,
47,TN,TENNESSEE,1986,436800000,118780,
47,TN,TENNESSEE,1987,488500000,118487,
47,TN,TENNESSEE,1988,503100000,121957,
47,TN,TENNESSEE,1989,540500000,129524,
47,TN,TENNESSEE,1990,558800000,137078,
47,TN,TENNESSEE,1991,561300000,144468,
47,TN,TENNESSEE,1992,537200000,152824,
47,TN,TENNESSEE,1993,606200000,155648,
47,TN,TENNESSEE,1994,663100000,155699,
47,TN,TENNESSEE,1995,716900000,152437,
47,TN,TENNESSEE,1996,724500000,153375,
47,TN,TENNESSEE,1997,732500000,155466,
47,TN,TENNESSEE,1998,723600000,158340,
47,TN,TENNESSEE,1999,763200000,159909,
47,TN,TENNESSEE,2000,783694800,160751,
47,TN,TENNESSEE,2001,821941900,159838,0
47,TN,TENNESSEE,2002,851009750,158279,0
47,TN,TENNESSEE,2003,867236000,160535,0
47,TN,TENNESSEE,2004,857195180,161104,0
47,TN,TENNESSEE,2005,1088206600,159718,0
47,TN,TENNESSEE,2006,1093164000,159746,0
47,TN,TENNESSEE,2007,1190378700,166628,0
47,TN,TENNESSEE,2008,1293217791,167198,0
47,TN,TENNESSEE,2009,1324230381,171950,82334800
47,TN,TENNESSEE,2010,1318029676,187864,165092900
47,TN,TENNESSEE,2011,1292017813,193994,0
47,TN,TENNESSEE,2012,1074430805,190710,0
47,TN,TENNESSEE,2013,1105534384,188759,0
47,TN,TENNESSEE,2014,1216121099,182285,0
47,TN,TENNESSEE,2015,1210022462,179248,0
47,TN,TENNESSEE,2016,1310741992,183193,0
47,TN,TENNESSEE,2017,1420751848,182223,0
47,TN,TENNESSEE,2018,1491934520,182845,0
47,TN,TENNESSEE,2019,1610321741,184418,0
47,TN,TENNESSEE,2020,1747138019,184954,0
47,TN,TENNESSEE,2021,1856742758,178576,4259850
47,TN,TENNESSEE,2022,1816721017,173240,0
47,TN,TENNESSEE,2023,2344106194,175744,0
47,TN,TENNESSEE,2024,2263929845,179740,0
48,TX,TEXAS,1980,937000000,466900,
48,TX,TEXAS,1981,1080700000,483100,
48,TX,TEXAS,1982,1396500000,493400,
48,TX,TEXAS,1983,1461800000,518400,
48,TX,TEXAS,1984,1644900000,527346,
48,TX,TEXAS,1985,1706400000,525249,
48,TX,TEXAS,1986,1617900000,524409,
48,TX,TEXAS,1987,1467300000,526592,
48,TX,TEXAS,1988,1673800000,545680,
48,TX,TEXAS,1989,1700200000,584360,
48,TX,TEXAS,1990,2394900000,593659,
48,TX,TEXAS,1991,2284200000,612033,
48,TX,TEXAS,1992,2501200000,618889,
48,TX,TEXAS,1993,2537500000,625718,
48,TX,TEXAS,1994,2670700000,624173,
48,TX,TEXAS,1995,2704100000,622408,
48,TX,TEXAS,1996,2830500000,619578,
48,TX,TEXAS,1997,2853300000,628214,
48,TX,TEXAS,1998,3089700000,631994,
48,TX,TEXAS,1999,3125200000,644760,
48,TX,TEXAS,2000,3523223613,654039,
48,TX,TEXAS,2001,3718543981,667534,0
48,TX,TEXAS,2002,4197788899,704310,0
48,TX,TEXAS,2003,4071060917,766342,0
48,TX,TEXAS,2004,4294693959,799142,0
48,TX,TEXAS,2005,4375857793,812696,0
48,TX,TEXAS,2006,5151060280,820788,0
48,TX,TEXAS,2007,5168486206,794211,0
48,TX,TEXAS,2008,5892085981,804918,0
48,TX,TEXAS,2009,5758428218,861900,0
48,TX,TEXAS,2010,6581785758,896832,326907500
48,TX,TEXAS,2011,6342171469,979943,0
48,TX,TEXAS,2012,6306820953,1013647,0
48,TX,TEXAS,2013,6257233739,1019173,0
48,TX,TEXAS,2014,6911481712,1010936,0
48,TX,TEXAS,2015,6706422617,1010334,0
48,TX,TEXAS,2016,6643669888,1020366,0
48,TX,TEXAS,2017,7473475102,1030211,0
48,TX,TEXAS,2018,8680697625,1044459,0
48,TX,TEXAS,2019,8854488411,1049033,0
48,TX,TEXAS,2020,9488630940,1062059,274439
48,TX,TEXAS,2021,9696636529,1021757,256177379
48,TX,TEXAS,2022,10270139923,993823,195075831
48,TX,TEXAS,2023,10526471816,1006957,181087802
48,TX,TEXAS,2024,12138976374,1044485,0
49,UT,UTAH,1980,122200000,47061,
49,UT,UTAH,1981,137000000,50269,
49,UT,UTAH,1982,152200000,51757,
49,UT,UTAH,1983,168300000,54326,
49,UT,UTAH,1984,174800000,55532,
49,UT,UTAH,1985,208400000,54551,
49,UT,UTAH,1986,215000000,54233,
49,UT,UTAH,1987,215200000,55647,
49,UT,UTAH,1988,227200000,56153,
49,UT,UTAH,1989,233000000,57116,
49,UT,UTAH,1990,260600000,60769,
49,UT,UTAH,1991,271400000,65125,
49,UT,UTAH,1992,292200000,71674,
49,UT,UTAH,1993,314200000,75569,
49,UT,UTAH,1994,328700000,77828,
49,UT,UTAH,1995,360800000,79778,
49,UT,UTAH,1996,383100000,81638,
49,UT,UTAH,1997,418500000,81318,
49,UT,UTAH,1998,426400000,84598,
49,UT,UTAH,1999,441000000,85196,
49,UT,UTAH,2000,464990275,87640,
49,UT,UTAH,2001,494949077,91953,0
49,UT,UTAH,2002,529243337,98654,0
49,UT,UTAH,2003,552879100,108386,0
49,UT,UTAH,2004,548367400,108636,0
49,UT,UTAH,2005,579091900,107703,0
49,UT,UTAH,2006,620054200,104350,0
49,UT,UTAH,2007,646184900,102372,0
49,UT,UTAH,2008,736020600,103320,0
49,UT,UTAH,2009,699380831,107649,28800000
49,UT,UTAH,2010,672510100,118446,57966800
49,UT,UTAH,2011,667596122,125073,37975100
49,UT,UTAH,2012,647704337,126594,0
49,UT,UTAH,2013,663684400,123851,0
49,UT,UTAH,2014,705224200,119692,0
49,UT,UTAH,2015,809658812,120352,0
49,UT,UTAH,2016,851045314,122066,0
49,UT,UTAH,2017,890097829,123075,0
49,UT,UTAH,2018,940222746,125550,0
49,UT,UTAH,2019,1017703946,128102,0
49,UT,UTAH,2020,1112844946,127833,0
49,UT,UTAH,2021,1118883428,129312,7425428
49,UT,UTAH,2022,1231774020,128774,15408800
49,UT,UTAH,2023,1402419545,129100,18300000
49,UT,UTAH,2024,1718053252,133372,29000000
50,VT,VERMONT,1980,18100000,13656,
50,VT,VERMONT,1981,19800000,14120,
50,VT,VERMONT,1982,21900000,14170,
50,VT,VERMONT,1983,23400000,13984,
50,VT,VERMONT,1984,25800000,14288,
50,VT,VERMONT,1985,27200000,14275,
50,VT,VERMONT,1986,36200000,13942,
50,VT,VERMONT,1987,38600000,14100,
50,VT,VERMONT,1988,40800000,14441,
50,VT,VERMONT,1989,44500000,14678,
50,VT,VERMONT,1990,47400000,15210,
50,VT,VERMONT,1991,46900000,15382,
50,VT,VERMONT,1992,46300000,15780,
50,VT,VERMONT,1993,44900000,15595,
50,VT,VERMONT,1994,43800000,15344,
50,VT,VERMONT,1995,44500000,14979,
50,VT,VERMONT,1996,45600000,14933,
50,VT,VERMONT,1997,45700000,14982,
50,VT,VERMONT,1998,33543544,15324,
50,VT,VERMONT,1999,34995161,16049,
50,VT,VERMONT,2000,42877570,15571,
50,VT,VERMONT,2001,46001650,15914,0
50,VT,VERMONT,2002,49170254,16379,0
50,VT,VERMONT,2003,51418084,16843,0
50,VT,VERMONT,2004,52794333,17429,0
50,VT,VERMONT,2005,54285388,18059,0
50,VT,VERMONT,2006,57177581,18868,0
50,VT,VERMONT,2007,60627535,19381,0
50,VT,VERMONT,2008,63232979,19886,0
50,VT,VERMONT,2009,61177452,20400,0
50,VT,VERMONT,2010,66939581,21795,0
50,VT,VERMONT,2011,68214115,22578,495811
50,VT,VERMONT,2012,63659806,21807,84006
50,VT,VERMONT,2013,63546419,21279,0
50,VT,VERMONT,2014,66977127,20922,0
50,VT,VERMONT,2015,59682166,20616,0
50,VT,VERMONT,2016,60553365,20429,0
50,VT,VERMONT,2017,60437515,20638,0
50,VT,VERMONT,2018,63135887,20583,0
50,VT,VERMONT,2019,63139447,20458,0
50,VT,VERMONT,2020,82563314,20562,16762445
50,VT,VERMONT,2021,161283540,19509,67713432
50,VT,VERMONT,2022,139939853,19633,59262017
50,VT,VERMONT,2023,121037381,19965,25963955
50,VT,VERMONT,2024,118639152,19987,6966173
51,VA,VIRGINIA,1980,351900000,175197,
51,VA,VIRGINIA,1981,405900000,181432,
51,VA,VIRGINIA,1982,430100000,185937,
51,VA,VIRGINIA,1983,468300000,183630,
51,VA,VIRGINIA,1984,493600000,182342,
51,VA,VIRGINIA,1985,559300000,179638,
51,VA,VIRGINIA,1986,593300000,179049,
51,VA,VIRGINIA,1987,707000000,184121,
51,VA,VIRGINIA,1988,702800000,191908,
51,VA,VIRGINIA,1989,782900000,198869,
51,VA,VIRGINIA,1990,847600000,211007,
51,VA,VIRGINIA,1991,834100000,215377,
51,VA,VIRGINIA,1992,750200000,220348,
51,VA,VIRGINIA,1993,749500000,220795,
51,VA,VIRGINIA,1994,768400000,218808,
51,VA,VIRGINIA,1995,799000000,216673,
51,VA,VIRGINIA,1996,836000000,216024,
51,VA,VIRGINIA,1997,920400000,217672,
51,VA,VIRGINIA,1998,992600000,223817,
51,VA,VIRGINIA,1999,1102603584,229909,
51,VA,VIRGINIA,2000,1276547969,233263,
51,VA,VIRGINIA,2001,1410002021,236014,0
51,VA,VIRGINIA,2002,1457459647,246637,0
51,VA,VIRGINIA,2003,1231571243,254694,0
51,VA,VIRGINIA,2004,1167725932,257534,0
51,VA,VIRGINIA,2005,1286860223,260813,0
51,VA,VIRGINIA,2006,1387342351,265615,0
51,VA,VIRGINIA,2007,1606430358,273039,0
51,VA,VIRGINIA,2008,1636666238,281940,0
51,VA,VIRGINIA,2009,1668385133,294436,0
51,VA,VIRGINIA,2010,1583189711,312598,75016418
51,VA,VIRGINIA,2011,1682407571,321965,201734434
51,VA,VIRGINIA,2012,1389731859,325517,0
51,VA,VIRGINIA,2013,1454296199,320481,0
51,VA,VIRGINIA,2014,1518054859,318166,0
51,VA,VIRGINIA,2015,1544010517,314066,0
51,VA,VIRGINIA,2016,1595094358,310368,0
51,VA,VIRGINIA,2017,1770468112,305307,0
51,VA,VIRGINIA,2018,1727363187,303300,0
51,VA,VIRGINIA,2019,1827685990,302019,0
51,VA,VIRGINIA,2020,2170046527,301730,223409487
51,VA,VIRGINIA,2021,2173062054,298864,22000000
51,VA,VIRGINIA,2022,2390903381,288995,111000000
51,VA,VIRGINIA,2023,2601801819,289778,0
51,VA,VIRGINIA,2024,2972248996,296469,0
53,WA,WASHINGTON,1980,405500000,163866,
53,WA,WASHINGTON,1981,403200000,168150,
53,WA,WASHINGTON,1982,393500000,151683,
53,WA,WASHINGTON,1983,390300000,150375,
53,WA,WASHINGTON,1984,486600000,150569,
53,WA,WASHINGTON,1985,495100000,149298,
53,WA,WASHINGTON,1986,524500000,148995,
53,WA,WASHINGTON,1987,557400000,150132,
53,WA,WASHINGTON,1988,599600000,150412,
53,WA,WASHINGTON,1989,644400000,149625,
53,WA,WASHINGTON,1990,709500000,153569,
53,WA,WASHINGTON,1991,768600000,155141,
53,WA,WASHINGTON,1992,782900000,159388,
53,WA,WASHINGTON,1993,866600000,174851,
53,WA,WASHINGTON,1994,850600000,183858,
53,WA,WASHINGTON,1995,826700000,187135,
53,WA,WASHINGTON,1996,882500000,192375,
53,WA,WASHINGTON,1997,956400000,194795,
53,WA,WASHINGTON,1998,981300000,195074,
53,WA,WASHINGTON,1999,1010100000,199809,
53,WA,WASHINGTON,2000,1099611000,198984,
53,WA,WASHINGTON,2001,1164262000,204663,0
53,WA,WASHINGTON,2002,1193225000,213147,0
53,WA,WASHINGTON,2003,1225680000,220677,0
53,WA,WASHINGTON,2004,1212221000,220041,0
53,WA,WASHINGTON,2005,1255551000,213801,0
53,WA,WASHINGTON,2006,1371355000,213055,0
53,WA,WASHINGTON,2007,1454251000,214847,0
53,WA,WASHINGTON,2008,1568303000,221264,0
53,WA,WASHINGTON,2009,1606764058,236742,0
53,WA,WASHINGTON,2010,1555846701,254867,100662000
53,WA,WASHINGTON,2011,1458404450,261485,0
53,WA,WASHINGTON,2012,1237618912,253902,0
53,WA,WASHINGTON,2013,1280859100,248273,0
53,WA,WASHINGTON,2014,1446189202,245011,0
53,WA,WASHINGTON,2015,1444157338,242221,0
53,WA,WASHINGTON,2016,1634172211,240788,0
53,WA,WASHINGTON,2017,1746915916,239481,0
53,WA,WASHINGTON,2018,1768153309,237289,0
53,WA,WASHINGTON,2019,1885359469,235981,0
53,WA,WASHINGTON,2020,2066511051,228720,0
53,WA,WASHINGTON,2021,2367419901,214902,61769263
53,WA,WASHINGTON,2022,2229929000,207919,0
53,WA,WASHINGTON,2023,2422006102,201544,0
53,WA,WASHINGTON,2024,2784620133,199389,0
54,WV,WEST VIRGINIA,1980,105100000,53331,
54,WV,WEST VIRGINIA,1981,110500000,55468,
54,WV,WEST VIRGINIA,1982,122800000,56448,
54,WV,WEST VIRGINIA,1983,117900000,56425,
54,WV,WEST VIRGINIA,1984,123800000,56136,
54,WV,WEST VIRGINIA,1985,137500000,53784,
54,WV,WEST VIRGINIA,1986,149500000,51947,
54,WV,WEST VIRGINIA,1987,151000000,52906,
54,WV,WEST VIRGINIA,1988,153600000,53271,
54,WV,WEST VIRGINIA,1989,162200000,55594,
54,WV,WEST VIRGINIA,1990,150000000,58766,
54,WV,WEST VIRGINIA,1991,167200000,60626,
54,WV,WEST VIRGINIA,1992,166300000,63284,
54,WV,WEST VIRGINIA,1993,166000000,63777,
54,WV,WEST VIRGINIA,1994,178100000,62316,
54,WV,WEST VIRGINIA,1995,188000000,61519,
54,WV,WEST VIRGINIA,1996,190200000,60806,
54,WV,WEST VIRGINIA,1997,194400000,60822,
54,WV,WEST VIRGINIA,1998,206000000,62026,
54,WV,WEST VIRGINIA,1999,215700000,62337,
54,WV,WEST VIRGINIA,2000,262107536,62959,
54,WV,WEST VIRGINIA,2001,283540948,62902,0
54,WV,WEST VIRGINIA,2002,308215890,64799,0
54,WV,WEST VIRGINIA,2003,308464804,67374,0
54,WV,WEST VIRGINIA,2004,281143990,69466,0
54,WV,WEST VIRGINIA,2005,308461762,70786,0
54,WV,WEST VIRGINIA,2006,301078429,71717,0
54,WV,WEST VIRGINIA,2007,334192655,72679,0
54,WV,WEST VIRGINIA,2008,431688349,73525,0
54,WV,WEST VIRGINIA,2009,374188677,74864,0
54,WV,WEST VIRGINIA,2010,378125881,78798,32463356
54,WV,WEST VIRGINIA,2011,391838515,81116,34594800
54,WV,WEST VIRGINIA,2012,394822173,80193,158781
54,WV,WEST VIRGINIA,2013,397278809,78458,0
54,WV,WEST VIRGINIA,2014,366011744,76202,0
54,WV,WEST VIRGINIA,2015,352283075,72765,0
54,WV,WEST VIRGINIA,2016,326172203,71026,0
54,WV,WEST VIRGINIA,2017,325222702,69938,0
54,WV,WEST VIRGINIA,2018,318055193,68746,0
54,WV,WEST VIRGINIA,2019,332957675,66577,0
54,WV,WEST VIRGINIA,2020,377363772,65445,8377001
54,WV,WEST VIRGINIA,2021,377820786,62038,0
54,WV,WEST VIRGINIA,2022,411939523,58865,31300732
54,WV,WEST VIRGINIA,2023,406257139,57662,16141603
54,WV,WEST VIRGINIA,2024,396139751,58308,0
55,WI,WISCONSIN,1980,453300000,174163,
55,WI,WISCONSIN,1981,495600000,184388,
55,WI,WISCONSIN,1982,520700000,191396,
55,WI,WISCONSIN,1983,543300000,194386,
55,WI,WISCONSIN,1984,595200000,194783,
55,WI,WISCONSIN,1985,623200000,190722,
55,WI,WISCONSIN,1986,667400000,190992,
55,WI,WISCONSIN,1987,680800000,190722,
55,WI,WISCONSIN,1988,717600000,187399,
55,WI,WISCONSIN,1989,758000000,188166,
55,WI,WISCONSIN,1990,823100000,188500,
55,WI,WISCONSIN,1991,868300000,188074,
55,WI,WISCONSIN,1992,897700000,188268,
55,WI,WISCONSIN,1993,940300000,186552,
55,WI,WISCONSIN,1994,976700000,185588,
55,WI,WISCONSIN,1995,1032100000,181486,
55,WI,WISCONSIN,1996,1034200000,180920,
55,WI,WISCONSIN,1997,1035100000,179636,
55,WI,WISCONSIN,1998,1087400000,184019,
55,WI,WISCONSIN,1999,1124400000,188790,
55,WI,WISCONSIN,2000,1177300000,191528,
55,WI,WISCONSIN,2001,1366958357,196523,0
55,WI,WISCONSIN,2002,1416681280,204123,0
55,WI,WISCONSIN,2003,1453175231,209599,0
55,WI,WISCONSIN,2004,1397330416,212880,0
55,WI,WISCONSIN,2005,1416601080,212752,0
55,WI,WISCONSIN,2006,1415213377,214065,0
55,WI,WISCONSIN,2007,1495602616,215098,0
55,WI,WISCONSIN,2008,1585174484,219006,0
55,WI,WISCONSIN,2009,1653133908,224113,0
55,WI,WISCONSIN,2010,1636655370,237403,0
55,WI,WISCONSIN,2011,1714468477,240625,0
55,WI,WISCONSIN,2012,1498631797,233284,0
55,WI,WISCONSIN,2013,1548448861,229463,0
55,WI,WISCONSIN,2014,1498345745,223777,0
55,WI,WISCONSIN,2015,1585055658,219490,0
55,WI,WISCONSIN,2016,1478492233,217856,0
55,WI,WISCONSIN,2017,1499793071,213143,0
55,WI,WISCONSIN,2018,1550690619,211610,0
55,WI,WISCONSIN,2019,1614160999,209654,0
55,WI,WISCONSIN,2020,1639862825,206545,11396769
55,WI,WISCONSIN,2021,1741396675,198362,63377363
55,WI,WISCONSIN,2022,1785506324,194947,43140953
55,WI,WISCONSIN,2023,1787627212,195141,3777916
55,WI,WISCONSIN,2024,1888618860,199417,14526258
56,WY,WYOMING,1980,53400000,14048,
56,WY,WYOMING,1981,71600000,14528,
56,WY,WYOMING,1982,84200000,15489,
56,WY,WYOMING,1983,99900000,16592,
56,WY,WYOMING,1984,103300000,18760,
56,WY,WYOMING,1985,113100000,21384,
56,WY,WYOMING,1986,117800000,17676,
56,WY,WYOMING,1987,116000000,16994,
56,WY,WYOMING,1988,115800000,18669,
56,WY,WYOMING,1989,123400000,20472,
56,WY,WYOMING,1990,128300000,21592,
56,WY,WYOMING,1991,130300000,21593,
56,WY,WYOMING,1992,137400000,22644,
56,WY,WYOMING,1993,137800000,22005,
56,WY,WYOMING,1994,138500000,21601,
56,WY,WYOMING,1995,141800000,21521,
56,WY,WYOMING,1996,147100000,23685,
56,WY,WYOMING,1997,190081341,21007,
56,WY,WYOMING,1998,179602590,21077,
56,WY,WYOMING,1999,176776837,23548,
56,WY,WYOMING,2000,184531777,20419,
56,WY,WYOMING,2001,149844454,20198,0
56,WY,WYOMING,2002,163602323,20874,0
56,WY,WYOMING,2003,193404500,21774,0
56,WY,WYOMING,2004,200758054,22225,0
56,WY,WYOMING,2005,221003520,22426,0
56,WY,WYOMING,2006,246773759,22483,0
56,WY,WYOMING,2007,286617303,22569,0
56,WY,WYOMING,2008,297829284,23054,0
56,WY,WYOMING,2009,323250493,23628,0
56,WY,WYOMING,2010,298261301,25587,0
56,WY,WYOMING,2011,368019303,26392,40508405
56,WY,WYOMING,2012,322912184,26174,0
56,WY,WYOMING,2013,370009335,25669,0
56,WY,WYOMING,2014,338298727,24986,0
56,WY,WYOMING,2015,361906678,24042,0
56,WY,WYOMING,2016,406852376,23812,0
56,WY,WYOMING,2017,366934831,23300,0
56,WY,WYOMING,2018,356962968,22699,0
56,WY,WYOMING,2019,386469468,22194,0
56,WY,WYOMING,2020,381224106,21653,0
56,WY,WYOMING,2021,504922707,20947,121574159
56,WY,WYOMING,2022,344122802,20991,2288796
56,WY,WYOMING,2023,366320550,20867,12164257
56,WY,WYOMING,2024,409419622,20487,10323638
